_id,alimento_id,campanha_id,qt_alimento_meta
673e413bebd8e8b395d9b128,673e3f5bc4dd0fbddbf30556,673e413bebd8e8b395d9b127,10
673e3f5cc4dd0fbddbf30597,673e3f5bc4dd0fbddbf3055a,673e3f5bc4dd0fbddbf3058e,80
673e3f5cc4dd0fbddbf305a0,673e3f5bc4dd0fbddbf3055a,673e3f5bc4dd0fbddbf30591,80
673e3f5cc4dd0fbddbf305a2,673e3f5bc4dd0fbddbf30558,673e3f5bc4dd0fbddbf30592,150
673e3f5cc4dd0fbddbf30595,673e3f5bc4dd0fbddbf30558,673e3f5bc4dd0fbddbf3058d,200
673e3f5cc4dd0fbddbf30596,673e3f5bc4dd0fbddbf30559,673e3f5bc4dd0fbddbf3058e,150
673e3f5cc4dd0fbddbf30598,673e3f5bc4dd0fbddbf3055b,673e3f5bc4dd0fbddbf3058e,120
673e3f5cc4dd0fbddbf3059b,673e3f5bc4dd0fbddbf3055e,673e3f5bc4dd0fbddbf3058f,180
673e3f5cc4dd0fbddbf3059c,673e3f5bc4dd0fbddbf3055f,673e3f5bc4dd0fbddbf30590,100
673e3f5cc4dd0fbddbf3059a,673e3f5bc4dd0fbddbf3055d,673e3f5bc4dd0fbddbf3058f,90
673e3f5cc4dd0fbddbf305a1,673e3f5bc4dd0fbddbf3055b,673e3f5bc4dd0fbddbf30591,120
673e413bebd8e8b395d9b12a,673e3f5bc4dd0fbddbf30562,673e413bebd8e8b395d9b127,30
673e3f5cc4dd0fbddbf30594,673e3f5bc4dd0fbddbf30557,673e3f5bc4dd0fbddbf3058d,50
673e413bebd8e8b395d9b129,673e3f5bc4dd0fbddbf30569,673e413bebd8e8b395d9b127,20
673e3f5cc4dd0fbddbf3059e,673e3f5bc4dd0fbddbf30561,673e3f5bc4dd0fbddbf30590,200
673e3f5cc4dd0fbddbf3059f,673e3f5bc4dd0fbddbf30559,673e3f5bc4dd0fbddbf30591,150
673e3f5cc4dd0fbddbf30593,673e3f5bc4dd0fbddbf30556,673e3f5bc4dd0fbddbf3058d,100
673e3f5cc4dd0fbddbf30599,673e3f5bc4dd0fbddbf3055c,673e3f5bc4dd0fbddbf3058f,120
673e3f5cc4dd0fbddbf3059d,673e3f5bc4dd0fbddbf30560,673e3f5bc4dd0fbddbf30590,50
673e3f5cc4dd0fbddbf305a3,673e3f5bc4dd0fbddbf3055a,673e3f5bc4dd0fbddbf30591,150
673e40d9ebd8e8b395d9b125,673e3f5bc4dd0fbddbf30556,673e40d9ebd8e8b395d9b124,5
69c5f05e9f86baf046e1b62e,673e3f5bc4dd0fbddbf3057f,69c5f05e9f86baf046e1b62d,50
69c5f05e9f86baf046e1b62f,673e3f5bc4dd0fbddbf30566,69c5f05e9f86baf046e1b62d,25
6a23684ed048b6bf20815ab8,673e3f5bc4dd0fbddbf30578,6a23684ed048b6bf20815a54,122
6a23684ed048b6bf20815ab9,673e3f5bc4dd0fbddbf30567,6a23684ed048b6bf20815a54,171
6a23684ed048b6bf20815aba,673e3f5bc4dd0fbddbf30559,6a23684ed048b6bf20815a54,287
6a23684ed048b6bf20815abb,673e3f5bc4dd0fbddbf30584,6a23684ed048b6bf20815a54,110
6a23684ed048b6bf20815abc,673e3f5bc4dd0fbddbf30569,6a23684ed048b6bf20815a54,308
6a23684ed048b6bf20815abd,673e3f5bc4dd0fbddbf30570,6a23684ed048b6bf20815a54,80
6a23684ed048b6bf20815abe,673e3f5bc4dd0fbddbf30587,6a23684ed048b6bf20815a54,279
6a23684ed048b6bf20815abf,673e3f5bc4dd0fbddbf3056b,6a23684ed048b6bf20815a54,187
6a23684ed048b6bf20815ac0,673e3f5bc4dd0fbddbf3055d,6a23684ed048b6bf20815a55,155
6a23684ed048b6bf20815ac1,673e3f5bc4dd0fbddbf30582,6a23684ed048b6bf20815a55,67
6a23684ed048b6bf20815ac2,673e3f5bc4dd0fbddbf30579,6a23684ed048b6bf20815a55,294
6a23684ed048b6bf20815ac3,673e3f5bc4dd0fbddbf3055f,6a23684ed048b6bf20815a55,431
6a23684ed048b6bf20815ac4,673e3f5bc4dd0fbddbf3056d,6a23684ed048b6bf20815a55,141
6a23684ed048b6bf20815ac5,673e3f5bc4dd0fbddbf3057f,6a23684ed048b6bf20815a56,310
6a23684ed048b6bf20815ac6,673e3f5bc4dd0fbddbf30587,6a23684ed048b6bf20815a56,213
6a23684ed048b6bf20815ac7,673e3f5bc4dd0fbddbf30567,6a23684ed048b6bf20815a56,377
6a23684ed048b6bf20815ac8,673e3f5bc4dd0fbddbf30579,6a23684ed048b6bf20815a56,478
6a23684ed048b6bf20815ac9,673e3f5bc4dd0fbddbf30576,6a23684ed048b6bf20815a56,288
6a23684ed048b6bf20815aca,673e3f5bc4dd0fbddbf30577,6a23684ed048b6bf20815a56,149
6a23684ed048b6bf20815acb,673e3f5bc4dd0fbddbf3057d,6a23684ed048b6bf20815a57,145
6a23684ed048b6bf20815acc,673e3f5bc4dd0fbddbf30580,6a23684ed048b6bf20815a57,171
6a23684ed048b6bf20815acd,673e3f5bc4dd0fbddbf30578,6a23684ed048b6bf20815a57,119
6a23684ed048b6bf20815ace,673e3f5bc4dd0fbddbf30565,6a23684ed048b6bf20815a57,131
6a23684ed048b6bf20815acf,673e3f5bc4dd0fbddbf30579,6a23684ed048b6bf20815a57,346
6a23684ed048b6bf20815ad0,673e3f5bc4dd0fbddbf30564,6a23684ed048b6bf20815a57,123
6a23684ed048b6bf20815ad1,673e3f5bc4dd0fbddbf3055e,6a23684ed048b6bf20815a58,327
6a23684ed048b6bf20815ad2,673e3f5bc4dd0fbddbf3056e,6a23684ed048b6bf20815a58,358
6a23684ed048b6bf20815ad3,673e3f5bc4dd0fbddbf3055a,6a23684ed048b6bf20815a58,469
6a23684ed048b6bf20815ad4,673e3f5bc4dd0fbddbf30581,6a23684ed048b6bf20815a58,130
6a23684ed048b6bf20815ad5,673e3f5bc4dd0fbddbf30558,6a23684ed048b6bf20815a58,343
6a23684ed048b6bf20815ad6,673e3f5bc4dd0fbddbf30572,6a23684ed048b6bf20815a58,460
6a23684ed048b6bf20815ad7,673e3f5bc4dd0fbddbf30560,6a23684ed048b6bf20815a59,186
6a23684ed048b6bf20815ad8,673e3f5bc4dd0fbddbf30562,6a23684ed048b6bf20815a59,490
6a23684ed048b6bf20815ad9,673e3f5bc4dd0fbddbf3056b,6a23684ed048b6bf20815a59,480
6a23684ed048b6bf20815ada,673e3f5bc4dd0fbddbf3057b,6a23684ed048b6bf20815a59,363
6a23684ed048b6bf20815adb,673e3f5bc4dd0fbddbf3055d,6a23684ed048b6bf20815a59,326
6a23684ed048b6bf20815adc,673e3f5bc4dd0fbddbf3057e,6a23684ed048b6bf20815a59,463
6a23684ed048b6bf20815add,673e3f5bc4dd0fbddbf3056a,6a23684ed048b6bf20815a59,258
6a23684ed048b6bf20815ade,673e3f5bc4dd0fbddbf30575,6a23684ed048b6bf20815a59,423
6a23684ed048b6bf20815adf,673e3f5bc4dd0fbddbf3056b,6a23684ed048b6bf20815a5a,233
6a23684ed048b6bf20815ae0,673e3f5bc4dd0fbddbf30579,6a23684ed048b6bf20815a5a,57
6a23684ed048b6bf20815ae1,673e3f5bc4dd0fbddbf30574,6a23684ed048b6bf20815a5a,307
6a23684ed048b6bf20815ae2,673e3f5bc4dd0fbddbf3055d,6a23684ed048b6bf20815a5a,413
6a23684ed048b6bf20815ae3,673e3f5bc4dd0fbddbf3055b,6a23684ed048b6bf20815a5a,298
6a23684ed048b6bf20815ae4,673e3f5bc4dd0fbddbf30559,6a23684ed048b6bf20815a5a,454
6a23684ed048b6bf20815ae5,673e3f5bc4dd0fbddbf3055e,6a23684ed048b6bf20815a5a,455
6a23684ed048b6bf20815ae6,673e3f5bc4dd0fbddbf30563,6a23684ed048b6bf20815a5a,151
6a23684ed048b6bf20815ae7,673e3f5bc4dd0fbddbf3056d,6a23684ed048b6bf20815a5b,376
6a23684ed048b6bf20815ae8,673e3f5bc4dd0fbddbf30571,6a23684ed048b6bf20815a5b,471
6a23684ed048b6bf20815ae9,673e3f5bc4dd0fbddbf30570,6a23684ed048b6bf20815a5b,365
6a23684ed048b6bf20815aea,673e3f5bc4dd0fbddbf3055b,6a23684ed048b6bf20815a5b,401
6a23684ed048b6bf20815aeb,673e3f5bc4dd0fbddbf30562,6a23684ed048b6bf20815a5b,54
6a23684ed048b6bf20815aec,673e3f5bc4dd0fbddbf3056c,6a23684ed048b6bf20815a5b,114
6a23684ed048b6bf20815aed,673e3f5bc4dd0fbddbf30559,6a23684ed048b6bf20815a5b,421
6a23684ed048b6bf20815aee,673e3f5bc4dd0fbddbf30577,6a23684ed048b6bf20815a5c,437
6a23684ed048b6bf20815aef,673e3f5bc4dd0fbddbf3055d,6a23684ed048b6bf20815a5c,183
6a23684ed048b6bf20815af0,673e3f5bc4dd0fbddbf3055f,6a23684ed048b6bf20815a5c,126
6a23684ed048b6bf20815af1,673e3f5bc4dd0fbddbf30573,6a23684ed048b6bf20815a5c,127
6a23684ed048b6bf20815af2,673e3f5bc4dd0fbddbf30567,6a23684ed048b6bf20815a5c,194
6a23684ed048b6bf20815af3,673e3f5bc4dd0fbddbf30581,6a23684ed048b6bf20815a5c,319
6a23684ed048b6bf20815af4,673e3f5bc4dd0fbddbf30570,6a23684ed048b6bf20815a5c,310
6a23684ed048b6bf20815af5,673e3f5bc4dd0fbddbf30580,6a23684ed048b6bf20815a5c,295
6a23684ed048b6bf20815af6,673e3f5bc4dd0fbddbf30563,6a23684ed048b6bf20815a5d,222
6a23684ed048b6bf20815af7,673e3f5bc4dd0fbddbf30578,6a23684ed048b6bf20815a5d,347
6a23684ed048b6bf20815af8,673e3f5bc4dd0fbddbf3055f,6a23684ed048b6bf20815a5d,149
6a23684ed048b6bf20815af9,673e3f5bc4dd0fbddbf3055c,6a23684ed048b6bf20815a5d,420
6a23684ed048b6bf20815afa,673e3f5bc4dd0fbddbf30580,6a23684ed048b6bf20815a5d,428
6a23684ed048b6bf20815afb,673e3f5bc4dd0fbddbf30585,6a23684ed048b6bf20815a5d,317
6a23684ed048b6bf20815afc,673e3f5bc4dd0fbddbf3055b,6a23684ed048b6bf20815a5d,490
6a23684ed048b6bf20815afd,673e3f5bc4dd0fbddbf30587,6a23684ed048b6bf20815a5e,389
6a23684ed048b6bf20815afe,673e3f5bc4dd0fbddbf3055a,6a23684ed048b6bf20815a5e,186
6a23684ed048b6bf20815aff,673e3f5bc4dd0fbddbf30570,6a23684ed048b6bf20815a5e,164
6a23684ed048b6bf20815b00,673e3f5bc4dd0fbddbf30575,6a23684ed048b6bf20815a5e,326
6a23684ed048b6bf20815b01,673e3f5bc4dd0fbddbf30573,6a23684ed048b6bf20815a5e,281
6a23684ed048b6bf20815b02,673e3f5bc4dd0fbddbf3056d,6a23684ed048b6bf20815a5e,413
6a23684ed048b6bf20815b03,673e3f5bc4dd0fbddbf3057d,6a23684ed048b6bf20815a5e,203
6a23684ed048b6bf20815b04,673e3f5bc4dd0fbddbf3057c,6a23684ed048b6bf20815a5e,437
6a23684ed048b6bf20815b05,673e3f5bc4dd0fbddbf30565,6a23684ed048b6bf20815a5f,196
6a23684ed048b6bf20815b06,673e3f5bc4dd0fbddbf30562,6a23684ed048b6bf20815a5f,309
6a23684ed048b6bf20815b07,673e3f5bc4dd0fbddbf30556,6a23684ed048b6bf20815a5f,469
6a23684ed048b6bf20815b08,673e3f5bc4dd0fbddbf30582,6a23684ed048b6bf20815a5f,340
6a23684ed048b6bf20815b09,673e3f5bc4dd0fbddbf30578,6a23684ed048b6bf20815a5f,180
6a23684ed048b6bf20815b0a,673e3f5bc4dd0fbddbf30571,6a23684ed048b6bf20815a5f,348
6a23684ed048b6bf20815b0b,673e3f5bc4dd0fbddbf3055e,6a23684ed048b6bf20815a5f,445
6a23684ed048b6bf20815b0c,673e3f5bc4dd0fbddbf30567,6a23684ed048b6bf20815a60,192
6a23684ed048b6bf20815b0d,673e3f5bc4dd0fbddbf3055c,6a23684ed048b6bf20815a60,124
6a23684ed048b6bf20815b0e,673e3f5bc4dd0fbddbf3057b,6a23684ed048b6bf20815a60,291
6a23684ed048b6bf20815b0f,673e3f5bc4dd0fbddbf30584,6a23684ed048b6bf20815a60,106
6a23684ed048b6bf20815b10,673e3f5bc4dd0fbddbf30582,6a23684ed048b6bf20815a60,436
6a23684ed048b6bf20815b11,673e3f5bc4dd0fbddbf30557,6a23684ed048b6bf20815a60,446
6a23684ed048b6bf20815b12,673e3f5bc4dd0fbddbf30562,6a23684ed048b6bf20815a60,326
6a23684ed048b6bf20815b13,673e3f5bc4dd0fbddbf30587,6a23684ed048b6bf20815a61,304
6a23684ed048b6bf20815b14,673e3f5bc4dd0fbddbf30556,6a23684ed048b6bf20815a61,480
6a23684ed048b6bf20815b15,673e3f5bc4dd0fbddbf30582,6a23684ed048b6bf20815a61,88
6a23684ed048b6bf20815b16,673e3f5bc4dd0fbddbf3057c,6a23684ed048b6bf20815a61,56
6a23684ed048b6bf20815b17,673e3f5bc4dd0fbddbf30559,6a23684ed048b6bf20815a61,179
6a23684ed048b6bf20815b18,673e3f5bc4dd0fbddbf30573,6a23684ed048b6bf20815a61,88
6a23684ed048b6bf20815b19,673e3f5bc4dd0fbddbf3055c,6a23684ed048b6bf20815a62,440
6a23684ed048b6bf20815b1a,673e3f5bc4dd0fbddbf30565,6a23684ed048b6bf20815a62,343
6a23684ed048b6bf20815b1b,673e3f5bc4dd0fbddbf30566,6a23684ed048b6bf20815a62,252
6a23684ed048b6bf20815b1c,673e3f5bc4dd0fbddbf30562,6a23684ed048b6bf20815a62,349
6a23684ed048b6bf20815b1d,673e3f5bc4dd0fbddbf3055a,6a23684ed048b6bf20815a62,356
6a23684ed048b6bf20815b1e,673e3f5bc4dd0fbddbf30563,6a23684ed048b6bf20815a62,207
6a23684ed048b6bf20815b1f,673e3f5bc4dd0fbddbf3057c,6a23684ed048b6bf20815a62,102
6a23684ed048b6bf20815b20,673e3f5bc4dd0fbddbf30570,6a23684ed048b6bf20815a62,399
6a23684ed048b6bf20815b21,673e3f5bc4dd0fbddbf30557,6a23684ed048b6bf20815a63,286
6a23684ed048b6bf20815b22,673e3f5bc4dd0fbddbf30578,6a23684ed048b6bf20815a63,110
6a23684ed048b6bf20815b23,673e3f5bc4dd0fbddbf30584,6a23684ed048b6bf20815a63,253
6a23684ed048b6bf20815b24,673e3f5bc4dd0fbddbf30572,6a23684ed048b6bf20815a63,323
6a23684ed048b6bf20815b25,673e3f5bc4dd0fbddbf30574,6a23684ed048b6bf20815a63,126
6a23684ed048b6bf20815b26,673e3f5bc4dd0fbddbf30566,6a23684ed048b6bf20815a63,359
6a23684ed048b6bf20815b27,673e3f5bc4dd0fbddbf30560,6a23684ed048b6bf20815a64,450
6a23684ed048b6bf20815b28,673e3f5bc4dd0fbddbf30570,6a23684ed048b6bf20815a64,167
6a23684ed048b6bf20815b29,673e3f5bc4dd0fbddbf3057b,6a23684ed048b6bf20815a64,310
6a23684ed048b6bf20815b2a,673e3f5bc4dd0fbddbf30568,6a23684ed048b6bf20815a64,442
6a23684ed048b6bf20815b2b,673e3f5bc4dd0fbddbf30587,6a23684ed048b6bf20815a64,69
6a23684ed048b6bf20815b2c,673e3f5bc4dd0fbddbf30559,6a23684ed048b6bf20815a64,96
6a23684ed048b6bf20815b2d,673e3f5bc4dd0fbddbf3055c,6a23684ed048b6bf20815a64,486
6a23684ed048b6bf20815b2e,673e3f5bc4dd0fbddbf30564,6a23684ed048b6bf20815a65,233
6a23684ed048b6bf20815b2f,673e3f5bc4dd0fbddbf30559,6a23684ed048b6bf20815a65,101
6a23684ed048b6bf20815b30,673e3f5bc4dd0fbddbf30569,6a23684ed048b6bf20815a65,224
6a23684ed048b6bf20815b31,673e3f5bc4dd0fbddbf30557,6a23684ed048b6bf20815a65,61
6a23684ed048b6bf20815b32,673e3f5bc4dd0fbddbf3057c,6a23684ed048b6bf20815a65,134
6a23684ed048b6bf20815b33,673e3f5bc4dd0fbddbf30558,6a23684ed048b6bf20815a65,93
6a23684ed048b6bf20815b34,673e3f5bc4dd0fbddbf30561,6a23684ed048b6bf20815a65,367
6a23684ed048b6bf20815b35,673e3f5bc4dd0fbddbf30560,6a23684ed048b6bf20815a66,54
6a23684ed048b6bf20815b36,673e3f5bc4dd0fbddbf3057d,6a23684ed048b6bf20815a66,101
6a23684ed048b6bf20815b37,673e3f5bc4dd0fbddbf30570,6a23684ed048b6bf20815a66,156
6a23684ed048b6bf20815b38,673e3f5bc4dd0fbddbf3055b,6a23684ed048b6bf20815a66,167
6a23684ed048b6bf20815b39,673e3f5bc4dd0fbddbf30556,6a23684ed048b6bf20815a66,285
6a23684ed048b6bf20815b3a,673e3f5bc4dd0fbddbf3057f,6a23684ed048b6bf20815a66,373
6a23684ed048b6bf20815b3b,673e3f5bc4dd0fbddbf30572,6a23684ed048b6bf20815a66,222
6a23684ed048b6bf20815b3c,673e3f5bc4dd0fbddbf30558,6a23684ed048b6bf20815a67,346
6a23684ed048b6bf20815b3d,673e3f5bc4dd0fbddbf30574,6a23684ed048b6bf20815a67,256
6a23684ed048b6bf20815b3e,673e3f5bc4dd0fbddbf30559,6a23684ed048b6bf20815a67,281
6a23684ed048b6bf20815b3f,673e3f5bc4dd0fbddbf30569,6a23684ed048b6bf20815a67,235
6a23684ed048b6bf20815b40,673e3f5bc4dd0fbddbf30584,6a23684ed048b6bf20815a67,88
6a23684ed048b6bf20815b41,673e3f5bc4dd0fbddbf30584,6a23684ed048b6bf20815a68,399
6a23684ed048b6bf20815b42,673e3f5bc4dd0fbddbf3055e,6a23684ed048b6bf20815a68,87
6a23684ed048b6bf20815b43,673e3f5bc4dd0fbddbf30581,6a23684ed048b6bf20815a68,471
6a23684ed048b6bf20815b44,673e3f5bc4dd0fbddbf3055f,6a23684ed048b6bf20815a68,200
6a23684ed048b6bf20815b45,673e3f5bc4dd0fbddbf3057f,6a23684ed048b6bf20815a68,452
6a23684ed048b6bf20815b46,673e3f5bc4dd0fbddbf30570,6a23684ed048b6bf20815a68,370
6a23684ed048b6bf20815b47,673e3f5bc4dd0fbddbf3055a,6a23684ed048b6bf20815a68,456
6a23684ed048b6bf20815b48,673e3f5bc4dd0fbddbf30575,6a23684ed048b6bf20815a68,99
6a23684ed048b6bf20815b49,673e3f5bc4dd0fbddbf3056d,6a23684ed048b6bf20815a69,114
6a23684ed048b6bf20815b4a,673e3f5bc4dd0fbddbf3055c,6a23684ed048b6bf20815a69,168
6a23684ed048b6bf20815b4b,673e3f5bc4dd0fbddbf30574,6a23684ed048b6bf20815a69,474
6a23684ed048b6bf20815b4c,673e3f5bc4dd0fbddbf3055a,6a23684ed048b6bf20815a69,421
6a23684ed048b6bf20815b4d,673e3f5bc4dd0fbddbf3057a,6a23684ed048b6bf20815a69,200
6a23684ed048b6bf20815b4e,673e3f5bc4dd0fbddbf3056c,6a23684ed048b6bf20815a6a,461
6a23684ed048b6bf20815b4f,673e3f5bc4dd0fbddbf30565,6a23684ed048b6bf20815a6a,335
6a23684ed048b6bf20815b50,673e3f5bc4dd0fbddbf30570,6a23684ed048b6bf20815a6a,170
6a23684ed048b6bf20815b51,673e3f5bc4dd0fbddbf30564,6a23684ed048b6bf20815a6a,303
6a23684ed048b6bf20815b52,673e3f5bc4dd0fbddbf30558,6a23684ed048b6bf20815a6a,245
6a23684ed048b6bf20815b53,673e3f5bc4dd0fbddbf30559,6a23684ed048b6bf20815a6a,126
6a23684ed048b6bf20815b54,673e3f5bc4dd0fbddbf3055c,6a23684ed048b6bf20815a6a,98
6a23684ed048b6bf20815b55,673e3f5bc4dd0fbddbf30576,6a23684ed048b6bf20815a6b,227
6a23684ed048b6bf20815b56,673e3f5bc4dd0fbddbf30585,6a23684ed048b6bf20815a6b,288
6a23684ed048b6bf20815b57,673e3f5bc4dd0fbddbf3055a,6a23684ed048b6bf20815a6b,171
6a23684ed048b6bf20815b58,673e3f5bc4dd0fbddbf30568,6a23684ed048b6bf20815a6b,166
6a23684ed048b6bf20815b59,673e3f5bc4dd0fbddbf30574,6a23684ed048b6bf20815a6b,227
6a23684ed048b6bf20815b5a,673e3f5bc4dd0fbddbf30560,6a23684ed048b6bf20815a6c,73
6a23684ed048b6bf20815b5b,673e3f5bc4dd0fbddbf3057c,6a23684ed048b6bf20815a6c,158
6a23684ed048b6bf20815b5c,673e3f5bc4dd0fbddbf3055f,6a23684ed048b6bf20815a6c,433
6a23684ed048b6bf20815b5d,673e3f5bc4dd0fbddbf30576,6a23684ed048b6bf20815a6c,492
6a23684ed048b6bf20815b5e,673e3f5bc4dd0fbddbf30566,6a23684ed048b6bf20815a6c,116
6a23684ed048b6bf20815b5f,673e3f5bc4dd0fbddbf30556,6a23684ed048b6bf20815a6c,226
6a23684ed048b6bf20815b60,673e3f5bc4dd0fbddbf3057a,6a23684ed048b6bf20815a6c,429
6a23684ed048b6bf20815b61,673e3f5bc4dd0fbddbf30567,6a23684ed048b6bf20815a6c,139
6a23684ed048b6bf20815b62,673e3f5bc4dd0fbddbf3057f,6a23684ed048b6bf20815a6d,63
6a23684ed048b6bf20815b63,673e3f5bc4dd0fbddbf30560,6a23684ed048b6bf20815a6d,217
6a23684ed048b6bf20815b64,673e3f5bc4dd0fbddbf30557,6a23684ed048b6bf20815a6d,337
6a23684ed048b6bf20815b65,673e3f5bc4dd0fbddbf30568,6a23684ed048b6bf20815a6d,104
6a23684ed048b6bf20815b66,673e3f5bc4dd0fbddbf3056e,6a23684ed048b6bf20815a6d,170
6a23684ed048b6bf20815b67,673e3f5bc4dd0fbddbf30556,6a23684ed048b6bf20815a6e,477
6a23684ed048b6bf20815b68,673e3f5bc4dd0fbddbf30562,6a23684ed048b6bf20815a6e,349
6a23684ed048b6bf20815b69,673e3f5bc4dd0fbddbf30581,6a23684ed048b6bf20815a6e,340
6a23684ed048b6bf20815b6a,673e3f5bc4dd0fbddbf30579,6a23684ed048b6bf20815a6e,313
6a23684ed048b6bf20815b6b,673e3f5bc4dd0fbddbf3056a,6a23684ed048b6bf20815a6e,459
6a23684ed048b6bf20815b6c,673e3f5bc4dd0fbddbf3057c,6a23684ed048b6bf20815a6e,90
6a23684ed048b6bf20815b6d,673e3f5bc4dd0fbddbf30566,6a23684ed048b6bf20815a6e,395
6a23684ed048b6bf20815b6e,673e3f5bc4dd0fbddbf30574,6a23684ed048b6bf20815a6f,55
6a23684ed048b6bf20815b6f,673e3f5bc4dd0fbddbf30561,6a23684ed048b6bf20815a6f,319
6a23684ed048b6bf20815b70,673e3f5bc4dd0fbddbf30584,6a23684ed048b6bf20815a6f,420
6a23684ed048b6bf20815b71,673e3f5bc4dd0fbddbf30575,6a23684ed048b6bf20815a6f,165
6a23684ed048b6bf20815b72,673e3f5bc4dd0fbddbf30570,6a23684ed048b6bf20815a6f,179
6a23684ed048b6bf20815b73,673e3f5bc4dd0fbddbf3057b,6a23684ed048b6bf20815a6f,239
6a23684ed048b6bf20815b74,673e3f5bc4dd0fbddbf30583,6a23684ed048b6bf20815a70,91
6a23684ed048b6bf20815b75,673e3f5bc4dd0fbddbf30568,6a23684ed048b6bf20815a70,265
6a23684ed048b6bf20815b76,673e3f5bc4dd0fbddbf30566,6a23684ed048b6bf20815a70,294
6a23684ed048b6bf20815b77,673e3f5bc4dd0fbddbf30562,6a23684ed048b6bf20815a70,250
6a23684ed048b6bf20815b78,673e3f5bc4dd0fbddbf30569,6a23684ed048b6bf20815a70,352
6a23684ed048b6bf20815b79,673e3f5bc4dd0fbddbf30585,6a23684ed048b6bf20815a70,68
6a23684ed048b6bf20815b7a,673e3f5bc4dd0fbddbf30560,6a23684ed048b6bf20815a70,439
6a23684ed048b6bf20815b7b,673e3f5bc4dd0fbddbf3055a,6a23684ed048b6bf20815a71,354
6a23684ed048b6bf20815b7c,673e3f5bc4dd0fbddbf30557,6a23684ed048b6bf20815a71,395
6a23684ed048b6bf20815b7d,673e3f5bc4dd0fbddbf30571,6a23684ed048b6bf20815a71,63
6a23684ed048b6bf20815b7e,673e3f5bc4dd0fbddbf3056c,6a23684ed048b6bf20815a71,165
6a23684ed048b6bf20815b7f,673e3f5bc4dd0fbddbf30566,6a23684ed048b6bf20815a71,214
6a23684ed048b6bf20815b80,673e3f5bc4dd0fbddbf3056d,6a23684ed048b6bf20815a71,157
6a23684ed048b6bf20815b81,673e3f5bc4dd0fbddbf30570,6a23684ed048b6bf20815a71,260
6a23684ed048b6bf20815b82,673e3f5bc4dd0fbddbf3055c,6a23684ed048b6bf20815a72,188
6a23684ed048b6bf20815b83,673e3f5bc4dd0fbddbf30578,6a23684ed048b6bf20815a72,373
6a23684ed048b6bf20815b84,673e3f5bc4dd0fbddbf30573,6a23684ed048b6bf20815a72,477
6a23684ed048b6bf20815b85,673e3f5bc4dd0fbddbf30561,6a23684ed048b6bf20815a72,262
6a23684ed048b6bf20815b86,673e3f5bc4dd0fbddbf30567,6a23684ed048b6bf20815a72,490
6a23684ed048b6bf20815b87,673e3f5bc4dd0fbddbf3056c,6a23684ed048b6bf20815a72,354
6a23684ed048b6bf20815b88,673e3f5bc4dd0fbddbf30564,6a23684ed048b6bf20815a72,221
6a23684ed048b6bf20815b89,673e3f5bc4dd0fbddbf30575,6a23684ed048b6bf20815a72,188
6a23684ed048b6bf20815b8a,673e3f5bc4dd0fbddbf30562,6a23684ed048b6bf20815a73,116
6a23684ed048b6bf20815b8b,673e3f5bc4dd0fbddbf30565,6a23684ed048b6bf20815a73,484
6a23684ed048b6bf20815b8c,673e3f5bc4dd0fbddbf30583,6a23684ed048b6bf20815a73,353
6a23684ed048b6bf20815b8d,673e3f5bc4dd0fbddbf30561,6a23684ed048b6bf20815a73,92
6a23684ed048b6bf20815b8e,673e3f5bc4dd0fbddbf30556,6a23684ed048b6bf20815a73,468
6a23684ed048b6bf20815b8f,673e3f5bc4dd0fbddbf30575,6a23684ed048b6bf20815a73,433
6a23684ed048b6bf20815b90,673e3f5bc4dd0fbddbf30587,6a23684ed048b6bf20815a73,107
6a23684ed048b6bf20815b91,673e3f5bc4dd0fbddbf3057f,6a23684ed048b6bf20815a73,296
6a23684ed048b6bf20815b92,673e3f5bc4dd0fbddbf30564,6a23684ed048b6bf20815a74,101
6a23684ed048b6bf20815b93,673e3f5bc4dd0fbddbf30577,6a23684ed048b6bf20815a74,110
6a23684ed048b6bf20815b94,673e3f5bc4dd0fbddbf3055d,6a23684ed048b6bf20815a74,316
6a23684ed048b6bf20815b95,673e3f5bc4dd0fbddbf30563,6a23684ed048b6bf20815a74,177
6a23684ed048b6bf20815b96,673e3f5bc4dd0fbddbf3057f,6a23684ed048b6bf20815a74,94
6a23684ed048b6bf20815b97,673e3f5bc4dd0fbddbf30573,6a23684ed048b6bf20815a74,245
6a23684ed048b6bf20815b98,673e3f5bc4dd0fbddbf3055e,6a23684ed048b6bf20815a75,176
6a23684ed048b6bf20815b99,673e3f5bc4dd0fbddbf3056f,6a23684ed048b6bf20815a75,403
6a23684ed048b6bf20815b9a,673e3f5bc4dd0fbddbf30571,6a23684ed048b6bf20815a75,279
6a23684ed048b6bf20815b9b,673e3f5bc4dd0fbddbf3056e,6a23684ed048b6bf20815a75,345
6a23684ed048b6bf20815b9c,673e3f5bc4dd0fbddbf30578,6a23684ed048b6bf20815a75,112
6a23684ed048b6bf20815b9d,673e3f5bc4dd0fbddbf30586,6a23684ed048b6bf20815a75,232
6a23684ed048b6bf20815b9e,673e3f5bc4dd0fbddbf30558,6a23684ed048b6bf20815a76,465
6a23684ed048b6bf20815b9f,673e3f5bc4dd0fbddbf3055e,6a23684ed048b6bf20815a76,281
6a23684ed048b6bf20815ba0,673e3f5bc4dd0fbddbf30568,6a23684ed048b6bf20815a76,291
6a23684ed048b6bf20815ba1,673e3f5bc4dd0fbddbf3055b,6a23684ed048b6bf20815a76,351
6a23684ed048b6bf20815ba2,673e3f5bc4dd0fbddbf30564,6a23684ed048b6bf20815a76,393
6a23684ed048b6bf20815ba3,673e3f5bc4dd0fbddbf30587,6a23684ed048b6bf20815a76,215
6a23684ed048b6bf20815ba4,673e3f5bc4dd0fbddbf3056f,6a23684ed048b6bf20815a77,51
6a23684ed048b6bf20815ba5,673e3f5bc4dd0fbddbf30562,6a23684ed048b6bf20815a77,341
6a23684ed048b6bf20815ba6,673e3f5bc4dd0fbddbf3055a,6a23684ed048b6bf20815a77,489
6a23684ed048b6bf20815ba7,673e3f5bc4dd0fbddbf3057c,6a23684ed048b6bf20815a77,188
6a23684ed048b6bf20815ba8,673e3f5bc4dd0fbddbf30570,6a23684ed048b6bf20815a77,341
6a23684ed048b6bf20815ba9,673e3f5bc4dd0fbddbf30565,6a23684ed048b6bf20815a77,371
6a23684ed048b6bf20815baa,673e3f5bc4dd0fbddbf30567,6a23684ed048b6bf20815a77,477
6a23684ed048b6bf20815bab,673e3f5bc4dd0fbddbf3057b,6a23684ed048b6bf20815a78,159
6a23684ed048b6bf20815bac,673e3f5bc4dd0fbddbf30578,6a23684ed048b6bf20815a78,360
6a23684ed048b6bf20815bad,673e3f5bc4dd0fbddbf3057a,6a23684ed048b6bf20815a78,478
6a23684ed048b6bf20815bae,673e3f5bc4dd0fbddbf30580,6a23684ed048b6bf20815a78,331
6a23684ed048b6bf20815baf,673e3f5bc4dd0fbddbf30556,6a23684ed048b6bf20815a78,449
6a23684ed048b6bf20815bb0,673e3f5bc4dd0fbddbf30569,6a23684ed048b6bf20815a78,258
6a23684ed048b6bf20815bb1,673e3f5bc4dd0fbddbf30560,6a23684ed048b6bf20815a78,313
6a23684ed048b6bf20815bb2,673e3f5bc4dd0fbddbf30561,6a23684ed048b6bf20815a78,322
6a23684ed048b6bf20815bb3,673e3f5bc4dd0fbddbf30579,6a23684ed048b6bf20815a79,91
6a23684ed048b6bf20815bb4,673e3f5bc4dd0fbddbf30556,6a23684ed048b6bf20815a79,313
6a23684ed048b6bf20815bb5,673e3f5bc4dd0fbddbf30569,6a23684ed048b6bf20815a79,73
6a23684ed048b6bf20815bb6,673e3f5bc4dd0fbddbf30572,6a23684ed048b6bf20815a79,172
6a23684ed048b6bf20815bb7,673e3f5bc4dd0fbddbf3057a,6a23684ed048b6bf20815a79,431
6a23684ed048b6bf20815bb8,673e3f5bc4dd0fbddbf3055c,6a23684ed048b6bf20815a79,177
6a23684ed048b6bf20815bb9,673e3f5bc4dd0fbddbf30562,6a23684ed048b6bf20815a79,231
6a23684ed048b6bf20815bba,673e3f5bc4dd0fbddbf30576,6a23684ed048b6bf20815a7a,122
6a23684ed048b6bf20815bbb,673e3f5bc4dd0fbddbf3055d,6a23684ed048b6bf20815a7a,482
6a23684ed048b6bf20815bbc,673e3f5bc4dd0fbddbf3057f,6a23684ed048b6bf20815a7a,195
6a23684ed048b6bf20815bbd,673e3f5bc4dd0fbddbf3056b,6a23684ed048b6bf20815a7a,161
6a23684ed048b6bf20815bbe,673e3f5bc4dd0fbddbf30573,6a23684ed048b6bf20815a7a,297
6a23684ed048b6bf20815bbf,673e3f5bc4dd0fbddbf3056f,6a23684ed048b6bf20815a7a,109
6a23684ed048b6bf20815bc0,673e3f5bc4dd0fbddbf3056b,6a23684ed048b6bf20815a7b,461
6a23684ed048b6bf20815bc1,673e3f5bc4dd0fbddbf30558,6a23684ed048b6bf20815a7b,452
6a23684ed048b6bf20815bc2,673e3f5bc4dd0fbddbf30566,6a23684ed048b6bf20815a7b,418
6a23684ed048b6bf20815bc3,673e3f5bc4dd0fbddbf30561,6a23684ed048b6bf20815a7b,245
6a23684ed048b6bf20815bc4,673e3f5bc4dd0fbddbf3056a,6a23684ed048b6bf20815a7b,497
6a23684ed048b6bf20815bc5,673e3f5bc4dd0fbddbf30578,6a23684ed048b6bf20815a7b,80
6a23684ed048b6bf20815bc6,673e3f5bc4dd0fbddbf3057b,6a23684ed048b6bf20815a7c,308
6a23684ed048b6bf20815bc7,673e3f5bc4dd0fbddbf3056c,6a23684ed048b6bf20815a7c,125
6a23684ed048b6bf20815bc8,673e3f5bc4dd0fbddbf30557,6a23684ed048b6bf20815a7c,154
6a23684ed048b6bf20815bc9,673e3f5bc4dd0fbddbf30573,6a23684ed048b6bf20815a7c,404
6a23684ed048b6bf20815bca,673e3f5bc4dd0fbddbf30574,6a23684ed048b6bf20815a7c,312
6a23684ed048b6bf20815bcb,673e3f5bc4dd0fbddbf30585,6a23684ed048b6bf20815a7c,63
6a23684ed048b6bf20815bcc,673e3f5bc4dd0fbddbf30579,6a23684ed048b6bf20815a7d,400
6a23684ed048b6bf20815bcd,673e3f5bc4dd0fbddbf30557,6a23684ed048b6bf20815a7d,188
6a23684ed048b6bf20815bce,673e3f5bc4dd0fbddbf30578,6a23684ed048b6bf20815a7d,174
6a23684ed048b6bf20815bcf,673e3f5bc4dd0fbddbf3057c,6a23684ed048b6bf20815a7d,231
6a23684ed048b6bf20815bd0,673e3f5bc4dd0fbddbf3055d,6a23684ed048b6bf20815a7d,388
6a23684ed048b6bf20815bd1,673e3f5bc4dd0fbddbf30558,6a23684ed048b6bf20815a7d,263
6a23684ed048b6bf20815bd2,673e3f5bc4dd0fbddbf3055d,6a23684ed048b6bf20815a7e,448
6a23684ed048b6bf20815bd3,673e3f5bc4dd0fbddbf30568,6a23684ed048b6bf20815a7e,228
6a23684ed048b6bf20815bd4,673e3f5bc4dd0fbddbf30562,6a23684ed048b6bf20815a7e,359
6a23684ed048b6bf20815bd5,673e3f5bc4dd0fbddbf30587,6a23684ed048b6bf20815a7e,263
6a23684ed048b6bf20815bd6,673e3f5bc4dd0fbddbf3055e,6a23684ed048b6bf20815a7e,70
6a23684ed048b6bf20815bd7,673e3f5bc4dd0fbddbf30559,6a23684ed048b6bf20815a7f,337
6a23684ed048b6bf20815bd8,673e3f5bc4dd0fbddbf30587,6a23684ed048b6bf20815a7f,241
6a23684ed048b6bf20815bd9,673e3f5bc4dd0fbddbf30583,6a23684ed048b6bf20815a7f,302
6a23684ed048b6bf20815bda,673e3f5bc4dd0fbddbf30584,6a23684ed048b6bf20815a7f,214
6a23684ed048b6bf20815bdb,673e3f5bc4dd0fbddbf30575,6a23684ed048b6bf20815a7f,270
6a23684ed048b6bf20815bdc,673e3f5bc4dd0fbddbf30556,6a23684ed048b6bf20815a7f,395
6a23684ed048b6bf20815bdd,673e3f5bc4dd0fbddbf3057f,6a23684ed048b6bf20815a80,473
6a23684ed048b6bf20815bde,673e3f5bc4dd0fbddbf3056b,6a23684ed048b6bf20815a80,93
6a23684ed048b6bf20815bdf,673e3f5bc4dd0fbddbf30565,6a23684ed048b6bf20815a80,447
6a23684ed048b6bf20815be0,673e3f5bc4dd0fbddbf30561,6a23684ed048b6bf20815a80,238
6a23684ed048b6bf20815be1,673e3f5bc4dd0fbddbf30584,6a23684ed048b6bf20815a80,174
6a23684ed048b6bf20815be2,673e3f5bc4dd0fbddbf30557,6a23684ed048b6bf20815a80,461
6a23684ed048b6bf20815be3,673e3f5bc4dd0fbddbf30567,6a23684ed048b6bf20815a81,116
6a23684ed048b6bf20815be4,673e3f5bc4dd0fbddbf30565,6a23684ed048b6bf20815a81,291
6a23684ed048b6bf20815be5,673e3f5bc4dd0fbddbf3055f,6a23684ed048b6bf20815a81,95
6a23684ed048b6bf20815be6,673e3f5bc4dd0fbddbf30561,6a23684ed048b6bf20815a81,455
6a23684ed048b6bf20815be7,673e3f5bc4dd0fbddbf3055c,6a23684ed048b6bf20815a81,104
6a23684ed048b6bf20815be8,673e3f5bc4dd0fbddbf3055b,6a23684ed048b6bf20815a81,317
6a23684ed048b6bf20815be9,673e3f5bc4dd0fbddbf30577,6a23684ed048b6bf20815a81,268
6a23684ed048b6bf20815bea,673e3f5bc4dd0fbddbf30582,6a23684ed048b6bf20815a82,436
6a23684ed048b6bf20815beb,673e3f5bc4dd0fbddbf30561,6a23684ed048b6bf20815a82,482
6a23684ed048b6bf20815bec,673e3f5bc4dd0fbddbf30560,6a23684ed048b6bf20815a82,464
6a23684ed048b6bf20815bed,673e3f5bc4dd0fbddbf30563,6a23684ed048b6bf20815a82,373
6a23684ed048b6bf20815bee,673e3f5bc4dd0fbddbf3057e,6a23684ed048b6bf20815a82,230
6a23684ed048b6bf20815bef,673e3f5bc4dd0fbddbf30570,6a23684ed048b6bf20815a82,219
6a23684ed048b6bf20815bf0,673e3f5bc4dd0fbddbf3056a,6a23684ed048b6bf20815a82,59
6a23684ed048b6bf20815bf1,673e3f5bc4dd0fbddbf3057d,6a23684ed048b6bf20815a82,462
6a23684ed048b6bf20815bf2,673e3f5bc4dd0fbddbf30582,6a23684ed048b6bf20815a83,137
6a23684ed048b6bf20815bf3,673e3f5bc4dd0fbddbf30573,6a23684ed048b6bf20815a83,206
6a23684ed048b6bf20815bf4,673e3f5bc4dd0fbddbf30585,6a23684ed048b6bf20815a83,297
6a23684ed048b6bf20815bf5,673e3f5bc4dd0fbddbf30568,6a23684ed048b6bf20815a83,84
6a23684ed048b6bf20815bf6,673e3f5bc4dd0fbddbf30578,6a23684ed048b6bf20815a83,400
6a23684ed048b6bf20815bf7,673e3f5bc4dd0fbddbf30558,6a23684ed048b6bf20815a84,243
6a23684ed048b6bf20815bf8,673e3f5bc4dd0fbddbf30560,6a23684ed048b6bf20815a84,295
6a23684ed048b6bf20815bf9,673e3f5bc4dd0fbddbf30581,6a23684ed048b6bf20815a84,170
6a23684ed048b6bf20815bfa,673e3f5bc4dd0fbddbf3056c,6a23684ed048b6bf20815a84,82
6a23684ed048b6bf20815bfb,673e3f5bc4dd0fbddbf3055f,6a23684ed048b6bf20815a84,387
6a23684ed048b6bf20815bfc,673e3f5bc4dd0fbddbf30574,6a23684ed048b6bf20815a84,227
6a23684ed048b6bf20815bfd,673e3f5bc4dd0fbddbf30576,6a23684ed048b6bf20815a84,479
6a23684ed048b6bf20815bfe,673e3f5bc4dd0fbddbf3056a,6a23684ed048b6bf20815a84,312
6a23684ed048b6bf20815bff,673e3f5bc4dd0fbddbf30562,6a23684ed048b6bf20815a85,286
6a23684ed048b6bf20815c00,673e3f5bc4dd0fbddbf30567,6a23684ed048b6bf20815a85,86
6a23684ed048b6bf20815c01,673e3f5bc4dd0fbddbf3057d,6a23684ed048b6bf20815a85,397
6a23684ed048b6bf20815c02,673e3f5bc4dd0fbddbf3055d,6a23684ed048b6bf20815a85,428
6a23684ed048b6bf20815c03,673e3f5bc4dd0fbddbf3056f,6a23684ed048b6bf20815a85,137
6a23684ed048b6bf20815c04,673e3f5bc4dd0fbddbf3057e,6a23684ed048b6bf20815a86,126
6a23684ed048b6bf20815c05,673e3f5bc4dd0fbddbf3056a,6a23684ed048b6bf20815a86,241
6a23684ed048b6bf20815c06,673e3f5bc4dd0fbddbf30583,6a23684ed048b6bf20815a86,129
6a23684ed048b6bf20815c07,673e3f5bc4dd0fbddbf3057b,6a23684ed048b6bf20815a86,481
6a23684ed048b6bf20815c08,673e3f5bc4dd0fbddbf30573,6a23684ed048b6bf20815a86,88
6a23684ed048b6bf20815c09,673e3f5bc4dd0fbddbf30578,6a23684ed048b6bf20815a87,362
6a23684ed048b6bf20815c0a,673e3f5bc4dd0fbddbf30558,6a23684ed048b6bf20815a87,385
6a23684ed048b6bf20815c0b,673e3f5bc4dd0fbddbf30562,6a23684ed048b6bf20815a87,422
6a23684ed048b6bf20815c0c,673e3f5bc4dd0fbddbf3057e,6a23684ed048b6bf20815a87,306
6a23684ed048b6bf20815c0d,673e3f5bc4dd0fbddbf3056b,6a23684ed048b6bf20815a87,56
6a23684ed048b6bf20815c0e,673e3f5bc4dd0fbddbf3055d,6a23684ed048b6bf20815a87,409
6a23684ed048b6bf20815c0f,673e3f5bc4dd0fbddbf30584,6a23684ed048b6bf20815a87,385
6a23684ed048b6bf20815c10,673e3f5bc4dd0fbddbf30568,6a23684ed048b6bf20815a88,292
6a23684ed048b6bf20815c11,673e3f5bc4dd0fbddbf3057b,6a23684ed048b6bf20815a88,489
6a23684ed048b6bf20815c12,673e3f5bc4dd0fbddbf30561,6a23684ed048b6bf20815a88,382
6a23684ed048b6bf20815c13,673e3f5bc4dd0fbddbf3056b,6a23684ed048b6bf20815a88,171
6a23684ed048b6bf20815c14,673e3f5bc4dd0fbddbf30580,6a23684ed048b6bf20815a88,311
6a23684ed048b6bf20815c15,673e3f5bc4dd0fbddbf30569,6a23684ed048b6bf20815a88,324
6a23684ed048b6bf20815c16,673e3f5bc4dd0fbddbf30581,6a23684ed048b6bf20815a88,296
6a23684ed048b6bf20815c17,673e3f5bc4dd0fbddbf3057a,6a23684ed048b6bf20815a88,145
6a23684ed048b6bf20815c18,673e3f5bc4dd0fbddbf3057d,6a23684ed048b6bf20815a89,59
6a23684ed048b6bf20815c19,673e3f5bc4dd0fbddbf3056e,6a23684ed048b6bf20815a89,174
6a23684ed048b6bf20815c1a,673e3f5bc4dd0fbddbf3056c,6a23684ed048b6bf20815a89,53
6a23684ed048b6bf20815c1b,673e3f5bc4dd0fbddbf30580,6a23684ed048b6bf20815a89,245
6a23684ed048b6bf20815c1c,673e3f5bc4dd0fbddbf30573,6a23684ed048b6bf20815a89,183
6a23684ed048b6bf20815c1d,673e3f5bc4dd0fbddbf3057e,6a23684ed048b6bf20815a89,341
6a23684ed048b6bf20815c1e,673e3f5bc4dd0fbddbf30565,6a23684ed048b6bf20815a8a,236
6a23684ed048b6bf20815c1f,673e3f5bc4dd0fbddbf30572,6a23684ed048b6bf20815a8a,77
6a23684ed048b6bf20815c20,673e3f5bc4dd0fbddbf3055d,6a23684ed048b6bf20815a8a,495
6a23684ed048b6bf20815c21,673e3f5bc4dd0fbddbf3057b,6a23684ed048b6bf20815a8a,382
6a23684ed048b6bf20815c22,673e3f5bc4dd0fbddbf3057d,6a23684ed048b6bf20815a8a,63
6a23684ed048b6bf20815c23,673e3f5bc4dd0fbddbf30575,6a23684ed048b6bf20815a8b,209
6a23684ed048b6bf20815c24,673e3f5bc4dd0fbddbf3055a,6a23684ed048b6bf20815a8b,476
6a23684ed048b6bf20815c25,673e3f5bc4dd0fbddbf30579,6a23684ed048b6bf20815a8b,175
6a23684ed048b6bf20815c26,673e3f5bc4dd0fbddbf30585,6a23684ed048b6bf20815a8b,261
6a23684ed048b6bf20815c27,673e3f5bc4dd0fbddbf30582,6a23684ed048b6bf20815a8b,152
6a23684ed048b6bf20815c28,673e3f5bc4dd0fbddbf3057b,6a23684ed048b6bf20815a8c,266
6a23684ed048b6bf20815c29,673e3f5bc4dd0fbddbf3056a,6a23684ed048b6bf20815a8c,155
6a23684ed048b6bf20815c2a,673e3f5bc4dd0fbddbf30577,6a23684ed048b6bf20815a8c,189
6a23684ed048b6bf20815c2b,673e3f5bc4dd0fbddbf30585,6a23684ed048b6bf20815a8c,245
6a23684ed048b6bf20815c2c,673e3f5bc4dd0fbddbf30575,6a23684ed048b6bf20815a8c,97
6a23684ed048b6bf20815c2d,673e3f5bc4dd0fbddbf30565,6a23684ed048b6bf20815a8c,100
6a23684ed048b6bf20815c2e,673e3f5bc4dd0fbddbf3056e,6a23684ed048b6bf20815a8c,482
6a23684ed048b6bf20815c2f,673e3f5bc4dd0fbddbf30560,6a23684ed048b6bf20815a8c,203
6a23684ed048b6bf20815c30,673e3f5bc4dd0fbddbf30572,6a23684ed048b6bf20815a8d,434
6a23684ed048b6bf20815c31,673e3f5bc4dd0fbddbf3056d,6a23684ed048b6bf20815a8d,359
6a23684ed048b6bf20815c32,673e3f5bc4dd0fbddbf3055e,6a23684ed048b6bf20815a8d,235
6a23684ed048b6bf20815c33,673e3f5bc4dd0fbddbf3055d,6a23684ed048b6bf20815a8d,92
6a23684ed048b6bf20815c34,673e3f5bc4dd0fbddbf30575,6a23684ed048b6bf20815a8d,448
6a23684ed048b6bf20815c35,673e3f5bc4dd0fbddbf3055f,6a23684ed048b6bf20815a8e,334
6a23684ed048b6bf20815c36,673e3f5bc4dd0fbddbf30570,6a23684ed048b6bf20815a8e,101
6a23684ed048b6bf20815c37,673e3f5bc4dd0fbddbf30580,6a23684ed048b6bf20815a8e,259
6a23684ed048b6bf20815c38,673e3f5bc4dd0fbddbf30568,6a23684ed048b6bf20815a8e,394
6a23684ed048b6bf20815c39,673e3f5bc4dd0fbddbf30578,6a23684ed048b6bf20815a8e,225
6a23684ed048b6bf20815c3a,673e3f5bc4dd0fbddbf30561,6a23684ed048b6bf20815a8f,198
6a23684ed048b6bf20815c3b,673e3f5bc4dd0fbddbf30565,6a23684ed048b6bf20815a8f,231
6a23684ed048b6bf20815c3c,673e3f5bc4dd0fbddbf30585,6a23684ed048b6bf20815a8f,110
6a23684ed048b6bf20815c3d,673e3f5bc4dd0fbddbf30584,6a23684ed048b6bf20815a8f,294
6a23684ed048b6bf20815c3e,673e3f5bc4dd0fbddbf30562,6a23684ed048b6bf20815a8f,374
6a23684ed048b6bf20815c3f,673e3f5bc4dd0fbddbf3057a,6a23684ed048b6bf20815a8f,57
6a23684ed048b6bf20815c40,673e3f5bc4dd0fbddbf30556,6a23684ed048b6bf20815a8f,237
6a23684ed048b6bf20815c41,673e3f5bc4dd0fbddbf3056b,6a23684ed048b6bf20815a8f,383
6a23684ed048b6bf20815c42,673e3f5bc4dd0fbddbf3057a,6a23684ed048b6bf20815a90,99
6a23684ed048b6bf20815c43,673e3f5bc4dd0fbddbf3056a,6a23684ed048b6bf20815a90,164
6a23684ed048b6bf20815c44,673e3f5bc4dd0fbddbf30579,6a23684ed048b6bf20815a90,332
6a23684ed048b6bf20815c45,673e3f5bc4dd0fbddbf30559,6a23684ed048b6bf20815a90,469
6a23684ed048b6bf20815c46,673e3f5bc4dd0fbddbf30569,6a23684ed048b6bf20815a90,476
6a23684ed048b6bf20815c47,673e3f5bc4dd0fbddbf3056e,6a23684ed048b6bf20815a90,285
6a23684ed048b6bf20815c48,673e3f5bc4dd0fbddbf30583,6a23684ed048b6bf20815a91,271
6a23684ed048b6bf20815c49,673e3f5bc4dd0fbddbf30559,6a23684ed048b6bf20815a91,134
6a23684ed048b6bf20815c4a,673e3f5bc4dd0fbddbf3055a,6a23684ed048b6bf20815a91,259
6a23684ed048b6bf20815c4b,673e3f5bc4dd0fbddbf30572,6a23684ed048b6bf20815a91,250
6a23684ed048b6bf20815c4c,673e3f5bc4dd0fbddbf3055b,6a23684ed048b6bf20815a91,167
6a23684ed048b6bf20815c4d,673e3f5bc4dd0fbddbf30563,6a23684ed048b6bf20815a91,176
6a23684ed048b6bf20815c4e,673e3f5bc4dd0fbddbf30571,6a23684ed048b6bf20815a91,298
6a23684ed048b6bf20815c4f,673e3f5bc4dd0fbddbf30558,6a23684ed048b6bf20815a92,82
6a23684ed048b6bf20815c50,673e3f5bc4dd0fbddbf30560,6a23684ed048b6bf20815a92,134
6a23684ed048b6bf20815c51,673e3f5bc4dd0fbddbf30582,6a23684ed048b6bf20815a92,211
6a23684ed048b6bf20815c52,673e3f5bc4dd0fbddbf30585,6a23684ed048b6bf20815a92,233
6a23684ed048b6bf20815c53,673e3f5bc4dd0fbddbf3056f,6a23684ed048b6bf20815a92,460
6a23684ed048b6bf20815c54,673e3f5bc4dd0fbddbf30583,6a23684ed048b6bf20815a92,467
6a23684ed048b6bf20815c55,673e3f5bc4dd0fbddbf30581,6a23684ed048b6bf20815a93,329
6a23684ed048b6bf20815c56,673e3f5bc4dd0fbddbf30583,6a23684ed048b6bf20815a93,254
6a23684ed048b6bf20815c57,673e3f5bc4dd0fbddbf30574,6a23684ed048b6bf20815a93,160
6a23684ed048b6bf20815c58,673e3f5bc4dd0fbddbf30580,6a23684ed048b6bf20815a93,412
6a23684ed048b6bf20815c59,673e3f5bc4dd0fbddbf3056d,6a23684ed048b6bf20815a93,416
6a23684ed048b6bf20815c5a,673e3f5bc4dd0fbddbf30573,6a23684ed048b6bf20815a94,139
6a23684ed048b6bf20815c5b,673e3f5bc4dd0fbddbf30582,6a23684ed048b6bf20815a94,167
6a23684ed048b6bf20815c5c,673e3f5bc4dd0fbddbf3056a,6a23684ed048b6bf20815a94,396
6a23684ed048b6bf20815c5d,673e3f5bc4dd0fbddbf30565,6a23684ed048b6bf20815a94,405
6a23684ed048b6bf20815c5e,673e3f5bc4dd0fbddbf30572,6a23684ed048b6bf20815a94,116
6a23684ed048b6bf20815c5f,673e3f5bc4dd0fbddbf30562,6a23684ed048b6bf20815a95,198
6a23684ed048b6bf20815c60,673e3f5bc4dd0fbddbf3055b,6a23684ed048b6bf20815a95,253
6a23684ed048b6bf20815c61,673e3f5bc4dd0fbddbf3055f,6a23684ed048b6bf20815a95,384
6a23684ed048b6bf20815c62,673e3f5bc4dd0fbddbf3056e,6a23684ed048b6bf20815a95,266
6a23684ed048b6bf20815c63,673e3f5bc4dd0fbddbf30561,6a23684ed048b6bf20815a95,370
6a23684ed048b6bf20815c64,673e3f5bc4dd0fbddbf3055b,6a23684ed048b6bf20815a96,412
6a23684ed048b6bf20815c65,673e3f5bc4dd0fbddbf3056c,6a23684ed048b6bf20815a96,285
6a23684ed048b6bf20815c66,673e3f5bc4dd0fbddbf3057e,6a23684ed048b6bf20815a96,413
6a23684ed048b6bf20815c67,673e3f5bc4dd0fbddbf30566,6a23684ed048b6bf20815a96,255
6a23684ed048b6bf20815c68,673e3f5bc4dd0fbddbf30580,6a23684ed048b6bf20815a96,148
6a23684ed048b6bf20815c69,673e3f5bc4dd0fbddbf3057f,6a23684ed048b6bf20815a96,164
6a23684ed048b6bf20815c6a,673e3f5bc4dd0fbddbf3056d,6a23684ed048b6bf20815a96,108
6a23684ed048b6bf20815c6b,673e3f5bc4dd0fbddbf30569,6a23684ed048b6bf20815a97,83
6a23684ed048b6bf20815c6c,673e3f5bc4dd0fbddbf3057d,6a23684ed048b6bf20815a97,363
6a23684ed048b6bf20815c6d,673e3f5bc4dd0fbddbf30562,6a23684ed048b6bf20815a97,118
6a23684ed048b6bf20815c6e,673e3f5bc4dd0fbddbf30571,6a23684ed048b6bf20815a97,387
6a23684ed048b6bf20815c6f,673e3f5bc4dd0fbddbf30565,6a23684ed048b6bf20815a97,151
6a23684ed048b6bf20815c70,673e3f5bc4dd0fbddbf30586,6a23684ed048b6bf20815a97,418
6a23684ed048b6bf20815c71,673e3f5bc4dd0fbddbf3057e,6a23684ed048b6bf20815a97,236
6a23684ed048b6bf20815c72,673e3f5bc4dd0fbddbf3056a,6a23684ed048b6bf20815a98,394
6a23684ed048b6bf20815c73,673e3f5bc4dd0fbddbf3056f,6a23684ed048b6bf20815a98,270
6a23684ed048b6bf20815c74,673e3f5bc4dd0fbddbf3055d,6a23684ed048b6bf20815a98,175
6a23684ed048b6bf20815c75,673e3f5bc4dd0fbddbf30568,6a23684ed048b6bf20815a98,351
6a23684ed048b6bf20815c76,673e3f5bc4dd0fbddbf3057d,6a23684ed048b6bf20815a98,414
6a23684ed048b6bf20815c77,673e3f5bc4dd0fbddbf30571,6a23684ed048b6bf20815a98,214
6a23684ed048b6bf20815c78,673e3f5bc4dd0fbddbf3057c,6a23684ed048b6bf20815a98,184
6a23684ed048b6bf20815c79,673e3f5bc4dd0fbddbf30570,6a23684ed048b6bf20815a99,199
6a23684ed048b6bf20815c7a,673e3f5bc4dd0fbddbf30561,6a23684ed048b6bf20815a99,473
6a23684ed048b6bf20815c7b,673e3f5bc4dd0fbddbf30556,6a23684ed048b6bf20815a99,287
6a23684ed048b6bf20815c7c,673e3f5bc4dd0fbddbf30586,6a23684ed048b6bf20815a99,82
6a23684ed048b6bf20815c7d,673e3f5bc4dd0fbddbf3055e,6a23684ed048b6bf20815a99,194
6a23684ed048b6bf20815c7e,673e3f5bc4dd0fbddbf30559,6a23684ed048b6bf20815a99,429
6a23684ed048b6bf20815c7f,673e3f5bc4dd0fbddbf30576,6a23684ed048b6bf20815a99,204
6a23684ed048b6bf20815c80,673e3f5bc4dd0fbddbf30585,6a23684ed048b6bf20815a9a,360
6a23684ed048b6bf20815c81,673e3f5bc4dd0fbddbf30557,6a23684ed048b6bf20815a9a,72
6a23684ed048b6bf20815c82,673e3f5bc4dd0fbddbf30568,6a23684ed048b6bf20815a9a,72
6a23684ed048b6bf20815c83,673e3f5bc4dd0fbddbf30584,6a23684ed048b6bf20815a9a,246
6a23684ed048b6bf20815c84,673e3f5bc4dd0fbddbf30574,6a23684ed048b6bf20815a9a,215
6a23684ed048b6bf20815c85,673e3f5bc4dd0fbddbf30570,6a23684ed048b6bf20815a9a,61
6a23684ed048b6bf20815c86,673e3f5bc4dd0fbddbf3055a,6a23684ed048b6bf20815a9b,391
6a23684ed048b6bf20815c87,673e3f5bc4dd0fbddbf30571,6a23684ed048b6bf20815a9b,434
6a23684ed048b6bf20815c88,673e3f5bc4dd0fbddbf30583,6a23684ed048b6bf20815a9b,406
6a23684ed048b6bf20815c89,673e3f5bc4dd0fbddbf30564,6a23684ed048b6bf20815a9b,379
6a23684ed048b6bf20815c8a,673e3f5bc4dd0fbddbf30563,6a23684ed048b6bf20815a9b,154
6a23684ed048b6bf20815c8b,673e3f5bc4dd0fbddbf30575,6a23684ed048b6bf20815a9b,478
6a23684ed048b6bf20815c8c,673e3f5bc4dd0fbddbf30585,6a23684ed048b6bf20815a9b,278
6a23684ed048b6bf20815c8d,673e3f5bc4dd0fbddbf30574,6a23684ed048b6bf20815a9b,215
6a23684ed048b6bf20815c8e,673e3f5bc4dd0fbddbf30568,6a23684ed048b6bf20815a9c,104
6a23684ed048b6bf20815c8f,673e3f5bc4dd0fbddbf30570,6a23684ed048b6bf20815a9c,119
6a23684ed048b6bf20815c90,673e3f5bc4dd0fbddbf3055b,6a23684ed048b6bf20815a9c,254
6a23684ed048b6bf20815c91,673e3f5bc4dd0fbddbf30557,6a23684ed048b6bf20815a9c,380
6a23684ed048b6bf20815c92,673e3f5bc4dd0fbddbf3056b,6a23684ed048b6bf20815a9c,130
6a23684ed048b6bf20815c93,673e3f5bc4dd0fbddbf30562,6a23684ed048b6bf20815a9c,490
6a23684ed048b6bf20815c94,673e3f5bc4dd0fbddbf30560,6a23684ed048b6bf20815a9c,219
6a23684ed048b6bf20815c95,673e3f5bc4dd0fbddbf30576,6a23684ed048b6bf20815a9c,181
6a23684ed048b6bf20815c96,673e3f5bc4dd0fbddbf3057d,6a23684ed048b6bf20815a9d,344
6a23684ed048b6bf20815c97,673e3f5bc4dd0fbddbf30562,6a23684ed048b6bf20815a9d,351
6a23684ed048b6bf20815c98,673e3f5bc4dd0fbddbf30571,6a23684ed048b6bf20815a9d,181
6a23684ed048b6bf20815c99,673e3f5bc4dd0fbddbf30574,6a23684ed048b6bf20815a9d,300
6a23684ed048b6bf20815c9a,673e3f5bc4dd0fbddbf30564,6a23684ed048b6bf20815a9d,427
6a23684ed048b6bf20815c9b,673e3f5bc4dd0fbddbf30585,6a23684ed048b6bf20815a9d,302
6a23684ed048b6bf20815c9c,673e3f5bc4dd0fbddbf30558,6a23684ed048b6bf20815a9d,257
6a23684ed048b6bf20815c9d,673e3f5bc4dd0fbddbf3056e,6a23684ed048b6bf20815a9d,164
6a23684ed048b6bf20815c9e,673e3f5bc4dd0fbddbf30563,6a23684ed048b6bf20815a9e,119
6a23684ed048b6bf20815c9f,673e3f5bc4dd0fbddbf30584,6a23684ed048b6bf20815a9e,256
6a23684ed048b6bf20815ca0,673e3f5bc4dd0fbddbf3057c,6a23684ed048b6bf20815a9e,498
6a23684ed048b6bf20815ca1,673e3f5bc4dd0fbddbf30579,6a23684ed048b6bf20815a9e,318
6a23684ed048b6bf20815ca2,673e3f5bc4dd0fbddbf30577,6a23684ed048b6bf20815a9e,401
6a23684ed048b6bf20815ca3,673e3f5bc4dd0fbddbf30587,6a23684ed048b6bf20815a9f,54
6a23684ed048b6bf20815ca4,673e3f5bc4dd0fbddbf30563,6a23684ed048b6bf20815a9f,327
6a23684ed048b6bf20815ca5,673e3f5bc4dd0fbddbf30576,6a23684ed048b6bf20815a9f,419
6a23684ed048b6bf20815ca6,673e3f5bc4dd0fbddbf3057d,6a23684ed048b6bf20815a9f,192
6a23684ed048b6bf20815ca7,673e3f5bc4dd0fbddbf30571,6a23684ed048b6bf20815a9f,293
6a23684ed048b6bf20815ca8,673e3f5bc4dd0fbddbf30562,6a23684ed048b6bf20815a9f,183
6a23684ed048b6bf20815ca9,673e3f5bc4dd0fbddbf30561,6a23684ed048b6bf20815a9f,293
6a23684ed048b6bf20815caa,673e3f5bc4dd0fbddbf3056d,6a23684ed048b6bf20815aa0,86
6a23684ed048b6bf20815cab,673e3f5bc4dd0fbddbf30561,6a23684ed048b6bf20815aa0,350
6a23684ed048b6bf20815cac,673e3f5bc4dd0fbddbf3057a,6a23684ed048b6bf20815aa0,449
6a23684ed048b6bf20815cad,673e3f5bc4dd0fbddbf3057b,6a23684ed048b6bf20815aa0,431
6a23684ed048b6bf20815cae,673e3f5bc4dd0fbddbf30562,6a23684ed048b6bf20815aa0,305
6a23684ed048b6bf20815caf,673e3f5bc4dd0fbddbf30573,6a23684ed048b6bf20815aa1,395
6a23684ed048b6bf20815cb0,673e3f5bc4dd0fbddbf30581,6a23684ed048b6bf20815aa1,257
6a23684ed048b6bf20815cb1,673e3f5bc4dd0fbddbf3055d,6a23684ed048b6bf20815aa1,356
6a23684ed048b6bf20815cb2,673e3f5bc4dd0fbddbf30585,6a23684ed048b6bf20815aa1,142
6a23684ed048b6bf20815cb3,673e3f5bc4dd0fbddbf3056c,6a23684ed048b6bf20815aa1,437
6a23684ed048b6bf20815cb4,673e3f5bc4dd0fbddbf3056b,6a23684ed048b6bf20815aa1,329
6a23684ed048b6bf20815cb5,673e3f5bc4dd0fbddbf3055f,6a23684ed048b6bf20815aa1,202
6a23684ed048b6bf20815cb6,673e3f5bc4dd0fbddbf30561,6a23684ed048b6bf20815aa2,352
6a23684ed048b6bf20815cb7,673e3f5bc4dd0fbddbf30559,6a23684ed048b6bf20815aa2,170
6a23684ed048b6bf20815cb8,673e3f5bc4dd0fbddbf30583,6a23684ed048b6bf20815aa2,443
6a23684ed048b6bf20815cb9,673e3f5bc4dd0fbddbf30581,6a23684ed048b6bf20815aa2,400
6a23684ed048b6bf20815cba,673e3f5bc4dd0fbddbf30578,6a23684ed048b6bf20815aa2,331
6a23684ed048b6bf20815cbb,673e3f5bc4dd0fbddbf30557,6a23684ed048b6bf20815aa2,183
6a23684ed048b6bf20815cbc,673e3f5bc4dd0fbddbf3057c,6a23684ed048b6bf20815aa2,72
6a23684ed048b6bf20815cbd,673e3f5bc4dd0fbddbf3057f,6a23684ed048b6bf20815aa3,62
6a23684ed048b6bf20815cbe,673e3f5bc4dd0fbddbf3055d,6a23684ed048b6bf20815aa3,349
6a23684ed048b6bf20815cbf,673e3f5bc4dd0fbddbf3055c,6a23684ed048b6bf20815aa3,214
6a23684ed048b6bf20815cc0,673e3f5bc4dd0fbddbf30567,6a23684ed048b6bf20815aa3,257
6a23684ed048b6bf20815cc1,673e3f5bc4dd0fbddbf30557,6a23684ed048b6bf20815aa3,376
6a23684ed048b6bf20815cc2,673e3f5bc4dd0fbddbf30568,6a23684ed048b6bf20815aa3,285
6a23684ed048b6bf20815cc3,673e3f5bc4dd0fbddbf3055a,6a23684ed048b6bf20815aa3,142
6a23684ed048b6bf20815cc4,673e3f5bc4dd0fbddbf3057d,6a23684ed048b6bf20815aa4,274
6a23684ed048b6bf20815cc5,673e3f5bc4dd0fbddbf3057a,6a23684ed048b6bf20815aa4,54
6a23684ed048b6bf20815cc6,673e3f5bc4dd0fbddbf30574,6a23684ed048b6bf20815aa4,430
6a23684ed048b6bf20815cc7,673e3f5bc4dd0fbddbf30560,6a23684ed048b6bf20815aa4,317
6a23684ed048b6bf20815cc8,673e3f5bc4dd0fbddbf3055c,6a23684ed048b6bf20815aa4,478
6a23684ed048b6bf20815cc9,673e3f5bc4dd0fbddbf30579,6a23684ed048b6bf20815aa4,234
6a23684ed048b6bf20815cca,673e3f5bc4dd0fbddbf3055e,6a23684ed048b6bf20815aa4,407
6a23684ed048b6bf20815ccb,673e3f5bc4dd0fbddbf3056f,6a23684ed048b6bf20815aa4,251
6a23684ed048b6bf20815ccc,673e3f5bc4dd0fbddbf30560,6a23684ed048b6bf20815aa5,418
6a23684ed048b6bf20815ccd,673e3f5bc4dd0fbddbf30570,6a23684ed048b6bf20815aa5,214
6a23684ed048b6bf20815cce,673e3f5bc4dd0fbddbf3057b,6a23684ed048b6bf20815aa5,195
6a23684ed048b6bf20815ccf,673e3f5bc4dd0fbddbf3055a,6a23684ed048b6bf20815aa5,204
6a23684ed048b6bf20815cd0,673e3f5bc4dd0fbddbf30569,6a23684ed048b6bf20815aa5,78
6a23684ed048b6bf20815cd1,673e3f5bc4dd0fbddbf3055e,6a23684ed048b6bf20815aa5,226
6a23684ed048b6bf20815cd2,673e3f5bc4dd0fbddbf30573,6a23684ed048b6bf20815aa6,153
6a23684ed048b6bf20815cd3,673e3f5bc4dd0fbddbf3055c,6a23684ed048b6bf20815aa6,444
6a23684ed048b6bf20815cd4,673e3f5bc4dd0fbddbf30579,6a23684ed048b6bf20815aa6,69
6a23684ed048b6bf20815cd5,673e3f5bc4dd0fbddbf30571,6a23684ed048b6bf20815aa6,226
6a23684ed048b6bf20815cd6,673e3f5bc4dd0fbddbf30576,6a23684ed048b6bf20815aa6,410
6a23684ed048b6bf20815cd7,673e3f5bc4dd0fbddbf30586,6a23684ed048b6bf20815aa7,134
6a23684ed048b6bf20815cd8,673e3f5bc4dd0fbddbf30580,6a23684ed048b6bf20815aa7,217
6a23684ed048b6bf20815cd9,673e3f5bc4dd0fbddbf3056d,6a23684ed048b6bf20815aa7,57
6a23684ed048b6bf20815cda,673e3f5bc4dd0fbddbf3055d,6a23684ed048b6bf20815aa7,211
6a23684ed048b6bf20815cdb,673e3f5bc4dd0fbddbf30556,6a23684ed048b6bf20815aa7,326
6a23684ed048b6bf20815cdc,673e3f5bc4dd0fbddbf3055b,6a23684ed048b6bf20815aa8,187
6a23684ed048b6bf20815cdd,673e3f5bc4dd0fbddbf30565,6a23684ed048b6bf20815aa8,341
6a23684ed048b6bf20815cde,673e3f5bc4dd0fbddbf3055e,6a23684ed048b6bf20815aa8,246
6a23684ed048b6bf20815cdf,673e3f5bc4dd0fbddbf30576,6a23684ed048b6bf20815aa8,331
6a23684ed048b6bf20815ce0,673e3f5bc4dd0fbddbf3056e,6a23684ed048b6bf20815aa8,228
6a23684ed048b6bf20815ce1,673e3f5bc4dd0fbddbf30580,6a23684ed048b6bf20815aa8,83
6a23684ed048b6bf20815ce2,673e3f5bc4dd0fbddbf3057b,6a23684ed048b6bf20815aa8,170
6a23684ed048b6bf20815ce3,673e3f5bc4dd0fbddbf30575,6a23684ed048b6bf20815aa8,427
6a23684ed048b6bf20815ce4,673e3f5bc4dd0fbddbf3057a,6a23684ed048b6bf20815aa9,226
6a23684ed048b6bf20815ce5,673e3f5bc4dd0fbddbf30573,6a23684ed048b6bf20815aa9,497
6a23684ed048b6bf20815ce6,673e3f5bc4dd0fbddbf3057b,6a23684ed048b6bf20815aa9,338
6a23684ed048b6bf20815ce7,673e3f5bc4dd0fbddbf30584,6a23684ed048b6bf20815aa9,482
6a23684ed048b6bf20815ce8,673e3f5bc4dd0fbddbf30583,6a23684ed048b6bf20815aa9,208
6a23684ed048b6bf20815ce9,673e3f5bc4dd0fbddbf30580,6a23684ed048b6bf20815aa9,384
6a23684ed048b6bf20815cea,673e3f5bc4dd0fbddbf30585,6a23684ed048b6bf20815aa9,273
6a23684ed048b6bf20815ceb,673e3f5bc4dd0fbddbf3055b,6a23684ed048b6bf20815aa9,331
6a23684ed048b6bf20815cec,673e3f5bc4dd0fbddbf30574,6a23684ed048b6bf20815aaa,467
6a23684ed048b6bf20815ced,673e3f5bc4dd0fbddbf30561,6a23684ed048b6bf20815aaa,178
6a23684ed048b6bf20815cee,673e3f5bc4dd0fbddbf30587,6a23684ed048b6bf20815aaa,248
6a23684ed048b6bf20815cef,673e3f5bc4dd0fbddbf3057f,6a23684ed048b6bf20815aaa,330
6a23684ed048b6bf20815cf0,673e3f5bc4dd0fbddbf30557,6a23684ed048b6bf20815aaa,386
6a23684ed048b6bf20815cf1,673e3f5bc4dd0fbddbf30562,6a23684ed048b6bf20815aaa,160
6a23684ed048b6bf20815cf2,673e3f5bc4dd0fbddbf30587,6a23684ed048b6bf20815aab,424
6a23684ed048b6bf20815cf3,673e3f5bc4dd0fbddbf3055e,6a23684ed048b6bf20815aab,109
6a23684ed048b6bf20815cf4,673e3f5bc4dd0fbddbf30583,6a23684ed048b6bf20815aab,51
6a23684ed048b6bf20815cf5,673e3f5bc4dd0fbddbf30574,6a23684ed048b6bf20815aab,412
6a23684ed048b6bf20815cf6,673e3f5bc4dd0fbddbf3055a,6a23684ed048b6bf20815aab,70
6a23684ed048b6bf20815cf7,673e3f5bc4dd0fbddbf3057e,6a23684ed048b6bf20815aac,114
6a23684ed048b6bf20815cf8,673e3f5bc4dd0fbddbf30558,6a23684ed048b6bf20815aac,351
6a23684ed048b6bf20815cf9,673e3f5bc4dd0fbddbf30560,6a23684ed048b6bf20815aac,148
6a23684ed048b6bf20815cfa,673e3f5bc4dd0fbddbf3057c,6a23684ed048b6bf20815aac,334
6a23684ed048b6bf20815cfb,673e3f5bc4dd0fbddbf30562,6a23684ed048b6bf20815aac,327
6a23684ed048b6bf20815cfc,673e3f5bc4dd0fbddbf30586,6a23684ed048b6bf20815aac,446
6a23684ed048b6bf20815cfd,673e3f5bc4dd0fbddbf30556,6a23684ed048b6bf20815aac,226
6a23684ed048b6bf20815cfe,673e3f5bc4dd0fbddbf30584,6a23684ed048b6bf20815aac,343
6a23684ed048b6bf20815cff,673e3f5bc4dd0fbddbf30582,6a23684ed048b6bf20815aad,118
6a23684ed048b6bf20815d00,673e3f5bc4dd0fbddbf3055b,6a23684ed048b6bf20815aad,211
6a23684ed048b6bf20815d01,673e3f5bc4dd0fbddbf3056c,6a23684ed048b6bf20815aad,316
6a23684ed048b6bf20815d02,673e3f5bc4dd0fbddbf30567,6a23684ed048b6bf20815aad,129
6a23684ed048b6bf20815d03,673e3f5bc4dd0fbddbf30581,6a23684ed048b6bf20815aad,326
6a23684ed048b6bf20815d04,673e3f5bc4dd0fbddbf30563,6a23684ed048b6bf20815aae,358
6a23684ed048b6bf20815d05,673e3f5bc4dd0fbddbf3055f,6a23684ed048b6bf20815aae,423
6a23684ed048b6bf20815d06,673e3f5bc4dd0fbddbf3056f,6a23684ed048b6bf20815aae,321
6a23684ed048b6bf20815d07,673e3f5bc4dd0fbddbf3056c,6a23684ed048b6bf20815aae,430
6a23684ed048b6bf20815d08,673e3f5bc4dd0fbddbf3055a,6a23684ed048b6bf20815aae,339
6a23684ed048b6bf20815d09,673e3f5bc4dd0fbddbf30582,6a23684ed048b6bf20815aae,196
6a23684ed048b6bf20815d0a,673e3f5bc4dd0fbddbf3056d,6a23684ed048b6bf20815aae,141
6a23684ed048b6bf20815d0b,673e3f5bc4dd0fbddbf30586,6a23684ed048b6bf20815aaf,316
6a23684ed048b6bf20815d0c,673e3f5bc4dd0fbddbf30572,6a23684ed048b6bf20815aaf,155
6a23684ed048b6bf20815d0d,673e3f5bc4dd0fbddbf30578,6a23684ed048b6bf20815aaf,494
6a23684ed048b6bf20815d0e,673e3f5bc4dd0fbddbf3056d,6a23684ed048b6bf20815aaf,419
6a23684ed048b6bf20815d0f,673e3f5bc4dd0fbddbf30581,6a23684ed048b6bf20815aaf,245
6a23684ed048b6bf20815d10,673e3f5bc4dd0fbddbf30559,6a23684ed048b6bf20815aaf,391
6a23684ed048b6bf20815d11,673e3f5bc4dd0fbddbf3057d,6a23684ed048b6bf20815aaf,270
6a23684ed048b6bf20815d12,673e3f5bc4dd0fbddbf30567,6a23684ed048b6bf20815ab0,98
6a23684ed048b6bf20815d13,673e3f5bc4dd0fbddbf30569,6a23684ed048b6bf20815ab0,424
6a23684ed048b6bf20815d14,673e3f5bc4dd0fbddbf30574,6a23684ed048b6bf20815ab0,282
6a23684ed048b6bf20815d15,673e3f5bc4dd0fbddbf30583,6a23684ed048b6bf20815ab0,233
6a23684ed048b6bf20815d16,673e3f5bc4dd0fbddbf30573,6a23684ed048b6bf20815ab0,120
6a23684ed048b6bf20815d17,673e3f5bc4dd0fbddbf3056f,6a23684ed048b6bf20815ab1,220
6a23684ed048b6bf20815d18,673e3f5bc4dd0fbddbf30581,6a23684ed048b6bf20815ab1,399
6a23684ed048b6bf20815d19,673e3f5bc4dd0fbddbf3055d,6a23684ed048b6bf20815ab1,159
6a23684ed048b6bf20815d1a,673e3f5bc4dd0fbddbf30582,6a23684ed048b6bf20815ab1,97
6a23684ed048b6bf20815d1b,673e3f5bc4dd0fbddbf3057a,6a23684ed048b6bf20815ab1,277
6a23684ed048b6bf20815d1c,673e3f5bc4dd0fbddbf30561,6a23684ed048b6bf20815ab1,482
6a23684ed048b6bf20815d1d,673e3f5bc4dd0fbddbf30573,6a23684ed048b6bf20815ab1,191
6a23684ed048b6bf20815d1e,673e3f5bc4dd0fbddbf30587,6a23684ed048b6bf20815ab2,448
6a23684ed048b6bf20815d1f,673e3f5bc4dd0fbddbf30576,6a23684ed048b6bf20815ab2,72
6a23684ed048b6bf20815d20,673e3f5bc4dd0fbddbf3057d,6a23684ed048b6bf20815ab2,228
6a23684ed048b6bf20815d21,673e3f5bc4dd0fbddbf3057a,6a23684ed048b6bf20815ab2,472
6a23684ed048b6bf20815d22,673e3f5bc4dd0fbddbf30583,6a23684ed048b6bf20815ab2,250
6a23684ed048b6bf20815d23,673e3f5bc4dd0fbddbf30559,6a23684ed048b6bf20815ab2,166
6a23684ed048b6bf20815d24,673e3f5bc4dd0fbddbf30558,6a23684ed048b6bf20815ab2,259
6a23684ed048b6bf20815d25,673e3f5bc4dd0fbddbf30561,6a23684ed048b6bf20815ab3,137
6a23684ed048b6bf20815d26,673e3f5bc4dd0fbddbf30573,6a23684ed048b6bf20815ab3,429
6a23684ed048b6bf20815d27,673e3f5bc4dd0fbddbf3055e,6a23684ed048b6bf20815ab3,451
6a23684ed048b6bf20815d28,673e3f5bc4dd0fbddbf3055f,6a23684ed048b6bf20815ab3,82
6a23684ed048b6bf20815d29,673e3f5bc4dd0fbddbf30578,6a23684ed048b6bf20815ab3,201
6a23684ed048b6bf20815d2a,673e3f5bc4dd0fbddbf30576,6a23684ed048b6bf20815ab4,384
6a23684ed048b6bf20815d2b,673e3f5bc4dd0fbddbf3055b,6a23684ed048b6bf20815ab4,238
6a23684ed048b6bf20815d2c,673e3f5bc4dd0fbddbf3057c,6a23684ed048b6bf20815ab4,114
6a23684ed048b6bf20815d2d,673e3f5bc4dd0fbddbf3057d,6a23684ed048b6bf20815ab4,489
6a23684ed048b6bf20815d2e,673e3f5bc4dd0fbddbf30572,6a23684ed048b6bf20815ab4,286
6a23684ed048b6bf20815d2f,673e3f5bc4dd0fbddbf30557,6a23684ed048b6bf20815ab5,92
6a23684ed048b6bf20815d30,673e3f5bc4dd0fbddbf3055d,6a23684ed048b6bf20815ab5,426
6a23684ed048b6bf20815d31,673e3f5bc4dd0fbddbf3057e,6a23684ed048b6bf20815ab5,394
6a23684ed048b6bf20815d32,673e3f5bc4dd0fbddbf3056d,6a23684ed048b6bf20815ab5,257
6a23684ed048b6bf20815d33,673e3f5bc4dd0fbddbf30562,6a23684ed048b6bf20815ab5,150
6a23684ed048b6bf20815d34,673e3f5bc4dd0fbddbf30564,6a23684ed048b6bf20815ab5,338
6a23684ed048b6bf20815d35,673e3f5bc4dd0fbddbf3057f,6a23684ed048b6bf20815ab5,318
6a23684ed048b6bf20815d36,673e3f5bc4dd0fbddbf30558,6a23684ed048b6bf20815ab6,499
6a23684ed048b6bf20815d37,673e3f5bc4dd0fbddbf30562,6a23684ed048b6bf20815ab6,429
6a23684ed048b6bf20815d38,673e3f5bc4dd0fbddbf30556,6a23684ed048b6bf20815ab6,361
6a23684ed048b6bf20815d39,673e3f5bc4dd0fbddbf3057b,6a23684ed048b6bf20815ab6,139
6a23684ed048b6bf20815d3a,673e3f5bc4dd0fbddbf30565,6a23684ed048b6bf20815ab6,231
6a23684ed048b6bf20815d3b,673e3f5bc4dd0fbddbf3055c,6a23684ed048b6bf20815ab6,125
6a23684ed048b6bf20815d3c,673e3f5bc4dd0fbddbf3056b,6a23684ed048b6bf20815ab6,94
6a23684ed048b6bf20815d3d,673e3f5bc4dd0fbddbf30567,6a23684ed048b6bf20815ab7,61
6a23684ed048b6bf20815d3e,673e3f5bc4dd0fbddbf3055c,6a23684ed048b6bf20815ab7,394
6a23684ed048b6bf20815d3f,673e3f5bc4dd0fbddbf3057e,6a23684ed048b6bf20815ab7,163
6a23684ed048b6bf20815d40,673e3f5bc4dd0fbddbf30580,6a23684ed048b6bf20815ab7,167
6a23684ed048b6bf20815d41,673e3f5bc4dd0fbddbf3057a,6a23684ed048b6bf20815ab7,389
6a23684ed048b6bf20815d42,673e3f5bc4dd0fbddbf30587,6a23684ed048b6bf20815ab7,258
