_id,usuario_id,alimento_id,campanha_id,qt_alimento_doado
673e3f5cc4dd0fbddbf305aa,673e3f5bc4dd0fbddbf3058b,673e3f5bc4dd0fbddbf3055c,673e3f5bc4dd0fbddbf3058f,15
673e3f5cc4dd0fbddbf305a6,673e3f5bc4dd0fbddbf3058b,673e3f5bc4dd0fbddbf30558,673e3f5bc4dd0fbddbf3058d,200
673e3f5cc4dd0fbddbf305b1,673e3f5bc4dd0fbddbf3058b,673e3f5bc4dd0fbddbf3055b,673e3f5bc4dd0fbddbf30591,20
673e3f5cc4dd0fbddbf305ae,673e3f5bc4dd0fbddbf3058b,673e3f5bc4dd0fbddbf30560,673e3f5bc4dd0fbddbf30590,200
673e4169ebd8e8b395d9b12f,673e4089ebd8e8b395d9b121,673e3f5bc4dd0fbddbf30569,673e413bebd8e8b395d9b127,5
673e3f5cc4dd0fbddbf305b2,673e3f5bc4dd0fbddbf3058b,673e3f5bc4dd0fbddbf3055c,673e3f5bc4dd0fbddbf30591,20
673e3f5cc4dd0fbddbf305a4,673e3f5bc4dd0fbddbf3058b,673e3f5bc4dd0fbddbf30556,673e3f5bc4dd0fbddbf3058d,100
673e40e2ebd8e8b395d9b126,673e4089ebd8e8b395d9b121,673e3f5bc4dd0fbddbf30556,673e40d9ebd8e8b395d9b124,2
673e3f5cc4dd0fbddbf305a8,673e3f5bc4dd0fbddbf3058b,673e3f5bc4dd0fbddbf3055a,673e3f5bc4dd0fbddbf3058e,200
673e3f5cc4dd0fbddbf305af,673e3f5bc4dd0fbddbf3058b,673e3f5bc4dd0fbddbf30561,673e3f5bc4dd0fbddbf30590,20
673e409cebd8e8b395d9b122,673e4089ebd8e8b395d9b121,673e3f5bc4dd0fbddbf30558,673e3f5bc4dd0fbddbf30592,50
673e414eebd8e8b395d9b12b,673e4089ebd8e8b395d9b121,673e3f5bc4dd0fbddbf30556,673e413bebd8e8b395d9b127,5
673e3f5cc4dd0fbddbf305a7,673e3f5bc4dd0fbddbf3058b,673e3f5bc4dd0fbddbf30559,673e3f5bc4dd0fbddbf3058e,20
673e3f5cc4dd0fbddbf305ac,673e3f5bc4dd0fbddbf3058b,673e3f5bc4dd0fbddbf3055e,673e3f5bc4dd0fbddbf3058f,20
673e3f5cc4dd0fbddbf305ad,673e3f5bc4dd0fbddbf3058b,673e3f5bc4dd0fbddbf3055f,673e3f5bc4dd0fbddbf30590,20
673e414eebd8e8b395d9b12c,673e4089ebd8e8b395d9b121,673e3f5bc4dd0fbddbf30569,673e413bebd8e8b395d9b127,10
673e414eebd8e8b395d9b12d,673e4089ebd8e8b395d9b121,673e3f5bc4dd0fbddbf30562,673e413bebd8e8b395d9b127,15
673e419bebd8e8b395d9b132,673e418eebd8e8b395d9b131,673e3f5bc4dd0fbddbf30558,673e3f5bc4dd0fbddbf30592,49
673e3f5cc4dd0fbddbf305a5,673e3f5bc4dd0fbddbf3058b,673e3f5bc4dd0fbddbf30557,673e3f5bc4dd0fbddbf3058d,50
673e3f5cc4dd0fbddbf305a9,673e3f5bc4dd0fbddbf3058b,673e3f5bc4dd0fbddbf3055b,673e3f5bc4dd0fbddbf3058e,15
673e40b1ebd8e8b395d9b123,673e4089ebd8e8b395d9b121,673e3f5bc4dd0fbddbf30558,673e3f5bc4dd0fbddbf30592,1
673e3f5cc4dd0fbddbf305ab,673e3f5bc4dd0fbddbf3058b,673e3f5bc4dd0fbddbf3055d,673e3f5bc4dd0fbddbf3058f,15
673e3f5cc4dd0fbddbf305b0,673e3f5bc4dd0fbddbf3058b,673e3f5bc4dd0fbddbf3055a,673e3f5bc4dd0fbddbf30591,60
673e415bebd8e8b395d9b12e,673e4089ebd8e8b395d9b121,673e3f5bc4dd0fbddbf30556,673e413bebd8e8b395d9b127,1
673e4169ebd8e8b395d9b130,673e4089ebd8e8b395d9b121,673e3f5bc4dd0fbddbf30562,673e413bebd8e8b395d9b127,5
69c5f00a9f86baf046e1b629,69c5efe49f86baf046e1b625,673e3f5bc4dd0fbddbf30556,673e413bebd8e8b395d9b127,3
69c5f00a9f86baf046e1b62a,69c5efe49f86baf046e1b625,673e3f5bc4dd0fbddbf30562,673e413bebd8e8b395d9b127,5
69c5f00a9f86baf046e1b62b,69c5efe49f86baf046e1b625,673e3f5bc4dd0fbddbf30569,673e413bebd8e8b395d9b127,3
69c5f06a9f86baf046e1b630,69c5efe49f86baf046e1b625,673e3f5bc4dd0fbddbf3057f,69c5f05e9f86baf046e1b62d,5
69c5f06a9f86baf046e1b631,69c5efe49f86baf046e1b625,673e3f5bc4dd0fbddbf30566,69c5f05e9f86baf046e1b62d,2
69c5f0719f86baf046e1b632,69c5efe49f86baf046e1b625,673e3f5bc4dd0fbddbf3057f,69c5f05e9f86baf046e1b62d,5
69c729f04d93cfae68784f89,69c728f34d93cfae68784f85,673e3f5bc4dd0fbddbf3057f,69c5f05e9f86baf046e1b62d,2
69c729f04d93cfae68784f8a,69c728f34d93cfae68784f85,673e3f5bc4dd0fbddbf30566,69c5f05e9f86baf046e1b62d,2
6a2367e415b2acc4b00e1c42,6a2364f24fa406e15e209691,673e3f5bc4dd0fbddbf30556,673e413bebd8e8b395d9b127,3
6a23684ed048b6bf20815d43,69f15c8faae2dfb2ec2a3411,673e3f5bc4dd0fbddbf30571,6a23684ed048b6bf20815a54,32
6a23684ed048b6bf20815d44,69c728f34d93cfae68784f85,673e3f5bc4dd0fbddbf3056b,6a23684ed048b6bf20815a54,62
6a23684ed048b6bf20815d45,6a23684ed048b6bf20815a37,673e3f5bc4dd0fbddbf30583,6a23684ed048b6bf20815a54,51
6a23684ed048b6bf20815d46,6a23684ed048b6bf20815a34,673e3f5bc4dd0fbddbf30583,6a23684ed048b6bf20815a54,18
6a23684ed048b6bf20815d47,673e4089ebd8e8b395d9b121,673e3f5bc4dd0fbddbf30558,6a23684ed048b6bf20815a54,137
6a23684ed048b6bf20815d48,69c7072ba75520b26cb936f7,673e3f5bc4dd0fbddbf30569,6a23684ed048b6bf20815a54,85
6a23684ed048b6bf20815d49,6a23684ed048b6bf20815a34,673e3f5bc4dd0fbddbf3055a,6a23684ed048b6bf20815a54,64
6a23684ed048b6bf20815d4a,6a23684ed048b6bf20815a46,673e3f5bc4dd0fbddbf30571,6a23684ed048b6bf20815a54,160
6a23684ed048b6bf20815d4b,6a23684ed048b6bf20815a3c,673e3f5bc4dd0fbddbf30584,6a23684ed048b6bf20815a55,51
6a23684ed048b6bf20815d4c,6a23684ed048b6bf20815a3c,673e3f5bc4dd0fbddbf3057b,6a23684ed048b6bf20815a55,30
6a23684ed048b6bf20815d4d,6a23684ed048b6bf20815a26,673e3f5bc4dd0fbddbf30585,6a23684ed048b6bf20815a55,15
6a23684ed048b6bf20815d4e,6a23684ed048b6bf20815a22,673e3f5bc4dd0fbddbf30585,6a23684ed048b6bf20815a55,108
6a23684ed048b6bf20815d4f,6a23684ed048b6bf20815a4d,673e3f5bc4dd0fbddbf30565,6a23684ed048b6bf20815a55,200
6a23684ed048b6bf20815d50,69c728f34d93cfae68784f85,673e3f5bc4dd0fbddbf30564,6a23684ed048b6bf20815a56,177
6a23684ed048b6bf20815d51,673e3f5bc4dd0fbddbf3058a,673e3f5bc4dd0fbddbf30559,6a23684ed048b6bf20815a56,191
6a23684ed048b6bf20815d52,6a23684ed048b6bf20815a50,673e3f5bc4dd0fbddbf30557,6a23684ed048b6bf20815a56,25
6a23684ed048b6bf20815d53,6a23684ed048b6bf20815a41,673e3f5bc4dd0fbddbf30567,6a23684ed048b6bf20815a56,86
6a23684ed048b6bf20815d54,6a23684ed048b6bf20815a33,673e3f5bc4dd0fbddbf30567,6a23684ed048b6bf20815a56,52
6a23684ed048b6bf20815d55,6a23684ed048b6bf20815a38,673e3f5bc4dd0fbddbf30559,6a23684ed048b6bf20815a57,7
6a23684ed048b6bf20815d56,6a23684ed048b6bf20815a41,673e3f5bc4dd0fbddbf30573,6a23684ed048b6bf20815a57,139
6a23684ed048b6bf20815d57,6a23684ed048b6bf20815a27,673e3f5bc4dd0fbddbf30578,6a23684ed048b6bf20815a57,38
6a23684ed048b6bf20815d58,6a23684ed048b6bf20815a4b,673e3f5bc4dd0fbddbf3057c,6a23684ed048b6bf20815a57,37
6a23684ed048b6bf20815d59,6a23684ed048b6bf20815a53,673e3f5bc4dd0fbddbf30576,6a23684ed048b6bf20815a57,61
6a23684ed048b6bf20815d5a,6a23684ed048b6bf20815a44,673e3f5bc4dd0fbddbf3055d,6a23684ed048b6bf20815a57,15
6a23684ed048b6bf20815d5b,6a23684ed048b6bf20815a46,673e3f5bc4dd0fbddbf30587,6a23684ed048b6bf20815a57,48
6a23684ed048b6bf20815d5c,6a23684ed048b6bf20815a2a,673e3f5bc4dd0fbddbf30567,6a23684ed048b6bf20815a58,112
6a23684ed048b6bf20815d5d,6a23684ed048b6bf20815a4f,673e3f5bc4dd0fbddbf3057b,6a23684ed048b6bf20815a58,178
6a23684ed048b6bf20815d5e,6a23684ed048b6bf20815a34,673e3f5bc4dd0fbddbf30581,6a23684ed048b6bf20815a58,48
6a23684ed048b6bf20815d5f,6a23684ed048b6bf20815a4d,673e3f5bc4dd0fbddbf3055c,6a23684ed048b6bf20815a58,86
6a23684ed048b6bf20815d60,673e3f5bc4dd0fbddbf30589,673e3f5bc4dd0fbddbf30586,6a23684ed048b6bf20815a58,157
6a23684ed048b6bf20815d61,6a23684ed048b6bf20815a23,673e3f5bc4dd0fbddbf3056d,6a23684ed048b6bf20815a58,159
6a23684ed048b6bf20815d62,6a23684ed048b6bf20815a51,673e3f5bc4dd0fbddbf3056a,6a23684ed048b6bf20815a58,35
6a23684ed048b6bf20815d63,6a23684ed048b6bf20815a4a,673e3f5bc4dd0fbddbf3055a,6a23684ed048b6bf20815a59,164
6a23684ed048b6bf20815d64,6a23684ed048b6bf20815a4b,673e3f5bc4dd0fbddbf30584,6a23684ed048b6bf20815a59,56
6a23684ed048b6bf20815d65,6a23684ed048b6bf20815a41,673e3f5bc4dd0fbddbf30575,6a23684ed048b6bf20815a59,16
6a23684ed048b6bf20815d66,6a23684ed048b6bf20815a2b,673e3f5bc4dd0fbddbf3057d,6a23684ed048b6bf20815a59,180
6a23684ed048b6bf20815d67,6a23684ed048b6bf20815a31,673e3f5bc4dd0fbddbf30586,6a23684ed048b6bf20815a59,21
6a23684ed048b6bf20815d68,6a23684ed048b6bf20815a36,673e3f5bc4dd0fbddbf3055a,6a23684ed048b6bf20815a5a,141
6a23684ed048b6bf20815d69,6a23684ed048b6bf20815a34,673e3f5bc4dd0fbddbf30587,6a23684ed048b6bf20815a5a,170
6a23684ed048b6bf20815d6a,6a23684ed048b6bf20815a31,673e3f5bc4dd0fbddbf30576,6a23684ed048b6bf20815a5a,121
6a23684ed048b6bf20815d6b,6a23684ed048b6bf20815a37,673e3f5bc4dd0fbddbf30585,6a23684ed048b6bf20815a5a,40
6a23684ed048b6bf20815d6c,6a23684ed048b6bf20815a26,673e3f5bc4dd0fbddbf30587,6a23684ed048b6bf20815a5a,23
6a23684ed048b6bf20815d6d,6a23684ed048b6bf20815a4a,673e3f5bc4dd0fbddbf30568,6a23684ed048b6bf20815a5a,1
6a23684ed048b6bf20815d6e,6a23684ed048b6bf20815a29,673e3f5bc4dd0fbddbf30586,6a23684ed048b6bf20815a5a,6
6a23684ed048b6bf20815d6f,69c5efe49f86baf046e1b625,673e3f5bc4dd0fbddbf30583,6a23684ed048b6bf20815a5a,134
6a23684ed048b6bf20815d70,673e3f5bc4dd0fbddbf30588,673e3f5bc4dd0fbddbf30576,6a23684ed048b6bf20815a5b,35
6a23684ed048b6bf20815d71,6a23684ed048b6bf20815a2a,673e3f5bc4dd0fbddbf30581,6a23684ed048b6bf20815a5b,178
6a23684ed048b6bf20815d72,6a23684ed048b6bf20815a53,673e3f5bc4dd0fbddbf30571,6a23684ed048b6bf20815a5b,142
6a23684ed048b6bf20815d73,673e418eebd8e8b395d9b131,673e3f5bc4dd0fbddbf3055d,6a23684ed048b6bf20815a5b,99
6a23684ed048b6bf20815d74,673e3f5bc4dd0fbddbf3058c,673e3f5bc4dd0fbddbf30577,6a23684ed048b6bf20815a5b,104
6a23684ed048b6bf20815d75,6a23684ed048b6bf20815a30,673e3f5bc4dd0fbddbf3055e,6a23684ed048b6bf20815a5c,142
6a23684ed048b6bf20815d76,6a23684ed048b6bf20815a32,673e3f5bc4dd0fbddbf30582,6a23684ed048b6bf20815a5c,145
6a23684ed048b6bf20815d77,6a23684ed048b6bf20815a3d,673e3f5bc4dd0fbddbf30586,6a23684ed048b6bf20815a5c,113
6a23684ed048b6bf20815d78,6a23684ed048b6bf20815a27,673e3f5bc4dd0fbddbf30576,6a23684ed048b6bf20815a5c,198
6a23684ed048b6bf20815d79,6a23684ed048b6bf20815a27,673e3f5bc4dd0fbddbf3056d,6a23684ed048b6bf20815a5c,88
6a23684ed048b6bf20815d7a,6a23684ed048b6bf20815a28,673e3f5bc4dd0fbddbf30572,6a23684ed048b6bf20815a5d,144
6a23684ed048b6bf20815d7b,6a23684ed048b6bf20815a2f,673e3f5bc4dd0fbddbf30560,6a23684ed048b6bf20815a5d,120
6a23684ed048b6bf20815d7c,69c7072ba75520b26cb936f7,673e3f5bc4dd0fbddbf3055d,6a23684ed048b6bf20815a5d,13
6a23684ed048b6bf20815d7d,6a23684ed048b6bf20815a23,673e3f5bc4dd0fbddbf30587,6a23684ed048b6bf20815a5d,138
6a23684ed048b6bf20815d7e,6a23684ed048b6bf20815a47,673e3f5bc4dd0fbddbf30577,6a23684ed048b6bf20815a5d,156
6a23684ed048b6bf20815d7f,6a23684ed048b6bf20815a29,673e3f5bc4dd0fbddbf30560,6a23684ed048b6bf20815a5d,113
6a23684ed048b6bf20815d80,6a23684ed048b6bf20815a23,673e3f5bc4dd0fbddbf3057e,6a23684ed048b6bf20815a5d,50
6a23684ed048b6bf20815d81,673e3f5bc4dd0fbddbf3058c,673e3f5bc4dd0fbddbf30560,6a23684ed048b6bf20815a5e,23
6a23684ed048b6bf20815d82,6a23684ed048b6bf20815a3e,673e3f5bc4dd0fbddbf30581,6a23684ed048b6bf20815a5e,14
6a23684ed048b6bf20815d83,6a23684ed048b6bf20815a39,673e3f5bc4dd0fbddbf30585,6a23684ed048b6bf20815a5e,51
6a23684ed048b6bf20815d84,6a23684ed048b6bf20815a4b,673e3f5bc4dd0fbddbf3055e,6a23684ed048b6bf20815a5e,147
6a23684ed048b6bf20815d85,6a23684ed048b6bf20815a2b,673e3f5bc4dd0fbddbf30567,6a23684ed048b6bf20815a5e,173
6a23684ed048b6bf20815d86,6a23684ed048b6bf20815a45,673e3f5bc4dd0fbddbf3055c,6a23684ed048b6bf20815a5e,5
6a23684ed048b6bf20815d87,69f15962aae2dfb2ec2a3410,673e3f5bc4dd0fbddbf30558,6a23684ed048b6bf20815a5f,30
6a23684ed048b6bf20815d88,6a23684ed048b6bf20815a28,673e3f5bc4dd0fbddbf30558,6a23684ed048b6bf20815a5f,79
6a23684ed048b6bf20815d89,6a23684ed048b6bf20815a2f,673e3f5bc4dd0fbddbf30570,6a23684ed048b6bf20815a5f,44
6a23684ed048b6bf20815d8a,69f14030aae2dfb2ec2a340c,673e3f5bc4dd0fbddbf30584,6a23684ed048b6bf20815a5f,64
6a23684ed048b6bf20815d8b,6a23684ed048b6bf20815a46,673e3f5bc4dd0fbddbf30560,6a23684ed048b6bf20815a5f,30
6a23684ed048b6bf20815d8c,6a23684ed048b6bf20815a47,673e3f5bc4dd0fbddbf3057d,6a23684ed048b6bf20815a60,102
6a23684ed048b6bf20815d8d,6a23684ed048b6bf20815a45,673e3f5bc4dd0fbddbf30583,6a23684ed048b6bf20815a60,29
6a23684ed048b6bf20815d8e,6a23684ed048b6bf20815a2a,673e3f5bc4dd0fbddbf30586,6a23684ed048b6bf20815a60,4
6a23684ed048b6bf20815d8f,69c7072ba75520b26cb936f7,673e3f5bc4dd0fbddbf30586,6a23684ed048b6bf20815a60,54
6a23684ed048b6bf20815d90,6a23684ed048b6bf20815a38,673e3f5bc4dd0fbddbf3057b,6a23684ed048b6bf20815a60,99
6a23684ed048b6bf20815d91,673e3f5bc4dd0fbddbf3058a,673e3f5bc4dd0fbddbf30574,6a23684ed048b6bf20815a60,13
6a23684ed048b6bf20815d92,6a23684ed048b6bf20815a32,673e3f5bc4dd0fbddbf30564,6a23684ed048b6bf20815a60,20
6a23684ed048b6bf20815d93,6a23684ed048b6bf20815a3f,673e3f5bc4dd0fbddbf30585,6a23684ed048b6bf20815a60,17
6a23684ed048b6bf20815d94,6a23684ed048b6bf20815a40,673e3f5bc4dd0fbddbf3057e,6a23684ed048b6bf20815a60,133
6a23684ed048b6bf20815d95,6a23684ed048b6bf20815a28,673e3f5bc4dd0fbddbf30570,6a23684ed048b6bf20815a60,71
6a23684ed048b6bf20815d96,6a23684ed048b6bf20815a50,673e3f5bc4dd0fbddbf30566,6a23684ed048b6bf20815a61,92
6a23684ed048b6bf20815d97,6a23684ed048b6bf20815a36,673e3f5bc4dd0fbddbf3056e,6a23684ed048b6bf20815a61,111
6a23684ed048b6bf20815d98,6a23684ed048b6bf20815a39,673e3f5bc4dd0fbddbf30586,6a23684ed048b6bf20815a61,13
6a23684ed048b6bf20815d99,6a23684ed048b6bf20815a35,673e3f5bc4dd0fbddbf30569,6a23684ed048b6bf20815a61,29
6a23684ed048b6bf20815d9a,6a23684ed048b6bf20815a45,673e3f5bc4dd0fbddbf3056b,6a23684ed048b6bf20815a61,39
6a23684ed048b6bf20815d9b,6a23684ed048b6bf20815a43,673e3f5bc4dd0fbddbf3055f,6a23684ed048b6bf20815a61,22
6a23684ed048b6bf20815d9c,6a23684ed048b6bf20815a27,673e3f5bc4dd0fbddbf30563,6a23684ed048b6bf20815a61,96
6a23684ed048b6bf20815d9d,6a23684ed048b6bf20815a49,673e3f5bc4dd0fbddbf30565,6a23684ed048b6bf20815a61,28
6a23684ed048b6bf20815d9e,6a23684ed048b6bf20815a33,673e3f5bc4dd0fbddbf30585,6a23684ed048b6bf20815a61,100
6a23684ed048b6bf20815d9f,6a23684ed048b6bf20815a25,673e3f5bc4dd0fbddbf3057e,6a23684ed048b6bf20815a62,69
6a23684ed048b6bf20815da0,6a23684ed048b6bf20815a37,673e3f5bc4dd0fbddbf30569,6a23684ed048b6bf20815a62,52
6a23684ed048b6bf20815da1,6a23684ed048b6bf20815a24,673e3f5bc4dd0fbddbf3056b,6a23684ed048b6bf20815a62,103
6a23684ed048b6bf20815da2,6a23684ed048b6bf20815a3f,673e3f5bc4dd0fbddbf30586,6a23684ed048b6bf20815a62,43
6a23684ed048b6bf20815da3,6a23684ed048b6bf20815a3d,673e3f5bc4dd0fbddbf30582,6a23684ed048b6bf20815a62,75
6a23684ed048b6bf20815da4,6a23684ed048b6bf20815a33,673e3f5bc4dd0fbddbf3055a,6a23684ed048b6bf20815a62,185
6a23684ed048b6bf20815da5,6a23684ed048b6bf20815a3b,673e3f5bc4dd0fbddbf30562,6a23684ed048b6bf20815a62,106
6a23684ed048b6bf20815da6,6a23684ed048b6bf20815a4d,673e3f5bc4dd0fbddbf30567,6a23684ed048b6bf20815a62,170
6a23684ed048b6bf20815da7,673e418eebd8e8b395d9b131,673e3f5bc4dd0fbddbf30587,6a23684ed048b6bf20815a62,84
6a23684ed048b6bf20815da8,6a23684ed048b6bf20815a3f,673e3f5bc4dd0fbddbf30583,6a23684ed048b6bf20815a63,105
6a23684ed048b6bf20815da9,673e3f5bc4dd0fbddbf3058a,673e3f5bc4dd0fbddbf3057b,6a23684ed048b6bf20815a63,105
6a23684ed048b6bf20815daa,6a23684ed048b6bf20815a40,673e3f5bc4dd0fbddbf30560,6a23684ed048b6bf20815a63,55
6a23684ed048b6bf20815dab,6a23684ed048b6bf20815a3b,673e3f5bc4dd0fbddbf3055b,6a23684ed048b6bf20815a63,1
6a23684ed048b6bf20815dac,6a23684ed048b6bf20815a26,673e3f5bc4dd0fbddbf30561,6a23684ed048b6bf20815a63,68
6a23684ed048b6bf20815dad,6a23684ed048b6bf20815a27,673e3f5bc4dd0fbddbf30582,6a23684ed048b6bf20815a63,128
6a23684ed048b6bf20815dae,69c728f34d93cfae68784f85,673e3f5bc4dd0fbddbf30562,6a23684ed048b6bf20815a63,135
6a23684ed048b6bf20815daf,6a23684ed048b6bf20815a29,673e3f5bc4dd0fbddbf30572,6a23684ed048b6bf20815a63,38
6a23684ed048b6bf20815db0,673e4089ebd8e8b395d9b121,673e3f5bc4dd0fbddbf30560,6a23684ed048b6bf20815a63,93
6a23684ed048b6bf20815db1,6a23684ed048b6bf20815a2e,673e3f5bc4dd0fbddbf30566,6a23684ed048b6bf20815a64,77
6a23684ed048b6bf20815db2,6a23684ed048b6bf20815a39,673e3f5bc4dd0fbddbf30572,6a23684ed048b6bf20815a64,118
6a23684ed048b6bf20815db3,6a23684ed048b6bf20815a4d,673e3f5bc4dd0fbddbf3056b,6a23684ed048b6bf20815a64,107
6a23684ed048b6bf20815db4,6a23684ed048b6bf20815a3a,673e3f5bc4dd0fbddbf30565,6a23684ed048b6bf20815a64,64
6a23684ed048b6bf20815db5,6a23684ed048b6bf20815a27,673e3f5bc4dd0fbddbf30581,6a23684ed048b6bf20815a64,160
6a23684ed048b6bf20815db6,69c5efe49f86baf046e1b625,673e3f5bc4dd0fbddbf30567,6a23684ed048b6bf20815a64,154
6a23684ed048b6bf20815db7,673e3f5bc4dd0fbddbf3058b,673e3f5bc4dd0fbddbf30560,6a23684ed048b6bf20815a64,139
6a23684ed048b6bf20815db8,6a23684ed048b6bf20815a29,673e3f5bc4dd0fbddbf3055c,6a23684ed048b6bf20815a64,37
6a23684ed048b6bf20815db9,6a23684ed048b6bf20815a3d,673e3f5bc4dd0fbddbf30582,6a23684ed048b6bf20815a64,131
6a23684ed048b6bf20815dba,6a23684ed048b6bf20815a39,673e3f5bc4dd0fbddbf30569,6a23684ed048b6bf20815a65,180
6a23684ed048b6bf20815dbb,6a23684ed048b6bf20815a2c,673e3f5bc4dd0fbddbf30556,6a23684ed048b6bf20815a65,123
6a23684ed048b6bf20815dbc,6a23684ed048b6bf20815a53,673e3f5bc4dd0fbddbf3057e,6a23684ed048b6bf20815a65,109
6a23684ed048b6bf20815dbd,6a23684ed048b6bf20815a44,673e3f5bc4dd0fbddbf30584,6a23684ed048b6bf20815a65,175
6a23684ed048b6bf20815dbe,6a23684ed048b6bf20815a32,673e3f5bc4dd0fbddbf30574,6a23684ed048b6bf20815a65,75
6a23684ed048b6bf20815dbf,6a23684ed048b6bf20815a53,673e3f5bc4dd0fbddbf30560,6a23684ed048b6bf20815a65,43
6a23684ed048b6bf20815dc0,6a23684ed048b6bf20815a27,673e3f5bc4dd0fbddbf30561,6a23684ed048b6bf20815a66,154
6a23684ed048b6bf20815dc1,6a23684ed048b6bf20815a3a,673e3f5bc4dd0fbddbf3055f,6a23684ed048b6bf20815a66,66
6a23684ed048b6bf20815dc2,6a23684ed048b6bf20815a34,673e3f5bc4dd0fbddbf30573,6a23684ed048b6bf20815a66,159
6a23684ed048b6bf20815dc3,673e3f5bc4dd0fbddbf30589,673e3f5bc4dd0fbddbf30556,6a23684ed048b6bf20815a66,12
6a23684ed048b6bf20815dc4,6a23684ed048b6bf20815a46,673e3f5bc4dd0fbddbf30584,6a23684ed048b6bf20815a66,145
6a23684ed048b6bf20815dc5,6a23684ed048b6bf20815a35,673e3f5bc4dd0fbddbf30577,6a23684ed048b6bf20815a67,61
6a23684ed048b6bf20815dc6,6a23684ed048b6bf20815a27,673e3f5bc4dd0fbddbf30556,6a23684ed048b6bf20815a67,157
6a23684ed048b6bf20815dc7,6a23684ed048b6bf20815a27,673e3f5bc4dd0fbddbf30560,6a23684ed048b6bf20815a67,194
6a23684ed048b6bf20815dc8,6a23684ed048b6bf20815a51,673e3f5bc4dd0fbddbf3056e,6a23684ed048b6bf20815a67,136
6a23684ed048b6bf20815dc9,6a23684ed048b6bf20815a53,673e3f5bc4dd0fbddbf30557,6a23684ed048b6bf20815a67,47
6a23684ed048b6bf20815dca,6a23684ed048b6bf20815a50,673e3f5bc4dd0fbddbf30587,6a23684ed048b6bf20815a67,95
6a23684ed048b6bf20815dcb,6a23684ed048b6bf20815a43,673e3f5bc4dd0fbddbf30558,6a23684ed048b6bf20815a67,154
6a23684ed048b6bf20815dcc,6a23684ed048b6bf20815a35,673e3f5bc4dd0fbddbf30561,6a23684ed048b6bf20815a67,20
6a23684ed048b6bf20815dcd,6a23684ed048b6bf20815a42,673e3f5bc4dd0fbddbf3056f,6a23684ed048b6bf20815a67,142
6a23684ed048b6bf20815dce,69c5efe49f86baf046e1b625,673e3f5bc4dd0fbddbf30564,6a23684ed048b6bf20815a68,171
6a23684ed048b6bf20815dcf,673e3f5bc4dd0fbddbf30589,673e3f5bc4dd0fbddbf30559,6a23684ed048b6bf20815a68,79
6a23684ed048b6bf20815dd0,6a23684ed048b6bf20815a39,673e3f5bc4dd0fbddbf3057e,6a23684ed048b6bf20815a68,64
6a23684ed048b6bf20815dd1,69c728f34d93cfae68784f85,673e3f5bc4dd0fbddbf3055d,6a23684ed048b6bf20815a68,176
6a23684ed048b6bf20815dd2,6a23684ed048b6bf20815a40,673e3f5bc4dd0fbddbf3055f,6a23684ed048b6bf20815a68,66
6a23684ed048b6bf20815dd3,6a23684ed048b6bf20815a51,673e3f5bc4dd0fbddbf30576,6a23684ed048b6bf20815a68,142
6a23684ed048b6bf20815dd4,6a23684ed048b6bf20815a53,673e3f5bc4dd0fbddbf3056b,6a23684ed048b6bf20815a68,175
6a23684ed048b6bf20815dd5,6a23684ed048b6bf20815a36,673e3f5bc4dd0fbddbf30587,6a23684ed048b6bf20815a69,52
6a23684ed048b6bf20815dd6,6a23684ed048b6bf20815a3d,673e3f5bc4dd0fbddbf30576,6a23684ed048b6bf20815a69,33
6a23684ed048b6bf20815dd7,6a23684ed048b6bf20815a28,673e3f5bc4dd0fbddbf3057d,6a23684ed048b6bf20815a69,38
6a23684ed048b6bf20815dd8,6a23684ed048b6bf20815a52,673e3f5bc4dd0fbddbf30584,6a23684ed048b6bf20815a69,166
6a23684ed048b6bf20815dd9,6a23684ed048b6bf20815a49,673e3f5bc4dd0fbddbf30582,6a23684ed048b6bf20815a69,170
6a23684ed048b6bf20815dda,6a23684ed048b6bf20815a32,673e3f5bc4dd0fbddbf3056b,6a23684ed048b6bf20815a69,28
6a23684ed048b6bf20815ddb,6a23684ed048b6bf20815a42,673e3f5bc4dd0fbddbf30562,6a23684ed048b6bf20815a69,39
6a23684ed048b6bf20815ddc,6a23684ed048b6bf20815a4d,673e3f5bc4dd0fbddbf30564,6a23684ed048b6bf20815a69,15
6a23684ed048b6bf20815ddd,6a23684ed048b6bf20815a48,673e3f5bc4dd0fbddbf3055b,6a23684ed048b6bf20815a6a,52
6a23684ed048b6bf20815dde,6a23684ed048b6bf20815a26,673e3f5bc4dd0fbddbf30587,6a23684ed048b6bf20815a6a,112
6a23684ed048b6bf20815ddf,6a23684ed048b6bf20815a53,673e3f5bc4dd0fbddbf30587,6a23684ed048b6bf20815a6a,172
6a23684ed048b6bf20815de0,6a23684ed048b6bf20815a52,673e3f5bc4dd0fbddbf30580,6a23684ed048b6bf20815a6a,156
6a23684ed048b6bf20815de1,6a23684ed048b6bf20815a40,673e3f5bc4dd0fbddbf3057b,6a23684ed048b6bf20815a6a,21
6a23684ed048b6bf20815de2,6a23684ed048b6bf20815a34,673e3f5bc4dd0fbddbf30581,6a23684ed048b6bf20815a6a,28
6a23684ed048b6bf20815de3,673e418eebd8e8b395d9b131,673e3f5bc4dd0fbddbf3056a,6a23684ed048b6bf20815a6b,29
6a23684ed048b6bf20815de4,6a23684ed048b6bf20815a2e,673e3f5bc4dd0fbddbf30586,6a23684ed048b6bf20815a6b,97
6a23684ed048b6bf20815de5,6a23684ed048b6bf20815a3c,673e3f5bc4dd0fbddbf30575,6a23684ed048b6bf20815a6b,56
6a23684ed048b6bf20815de6,6a23684ed048b6bf20815a35,673e3f5bc4dd0fbddbf30580,6a23684ed048b6bf20815a6b,73
6a23684ed048b6bf20815de7,6a23684ed048b6bf20815a27,673e3f5bc4dd0fbddbf30581,6a23684ed048b6bf20815a6b,28
6a23684ed048b6bf20815de8,6a23684ed048b6bf20815a2f,673e3f5bc4dd0fbddbf30573,6a23684ed048b6bf20815a6b,35
6a23684ed048b6bf20815de9,6a23684ed048b6bf20815a3d,673e3f5bc4dd0fbddbf30577,6a23684ed048b6bf20815a6b,2
6a23684ed048b6bf20815dea,69c728f34d93cfae68784f85,673e3f5bc4dd0fbddbf3056d,6a23684ed048b6bf20815a6b,138
6a23684ed048b6bf20815deb,6a23684ed048b6bf20815a2f,673e3f5bc4dd0fbddbf3055e,6a23684ed048b6bf20815a6c,176
6a23684ed048b6bf20815dec,6a23684ed048b6bf20815a44,673e3f5bc4dd0fbddbf30584,6a23684ed048b6bf20815a6c,173
6a23684ed048b6bf20815ded,6a23684ed048b6bf20815a52,673e3f5bc4dd0fbddbf30570,6a23684ed048b6bf20815a6c,96
6a23684ed048b6bf20815dee,6a23684ed048b6bf20815a3a,673e3f5bc4dd0fbddbf3057e,6a23684ed048b6bf20815a6c,79
6a23684ed048b6bf20815def,6a23684ed048b6bf20815a4f,673e3f5bc4dd0fbddbf30573,6a23684ed048b6bf20815a6c,33
6a23684ed048b6bf20815df0,6a23684ed048b6bf20815a4f,673e3f5bc4dd0fbddbf3057f,6a23684ed048b6bf20815a6c,94
6a23684ed048b6bf20815df1,6a23684ed048b6bf20815a35,673e3f5bc4dd0fbddbf3055c,6a23684ed048b6bf20815a6d,21
6a23684ed048b6bf20815df2,6a23684ed048b6bf20815a2e,673e3f5bc4dd0fbddbf3056c,6a23684ed048b6bf20815a6d,199
6a23684ed048b6bf20815df3,6a23684ed048b6bf20815a3e,673e3f5bc4dd0fbddbf30569,6a23684ed048b6bf20815a6d,154
6a23684ed048b6bf20815df4,6a23684ed048b6bf20815a2f,673e3f5bc4dd0fbddbf30567,6a23684ed048b6bf20815a6d,47
6a23684ed048b6bf20815df5,69f14030aae2dfb2ec2a340c,673e3f5bc4dd0fbddbf3056e,6a23684ed048b6bf20815a6d,154
6a23684ed048b6bf20815df6,6a23684ed048b6bf20815a42,673e3f5bc4dd0fbddbf30579,6a23684ed048b6bf20815a6e,166
6a23684ed048b6bf20815df7,6a23684ed048b6bf20815a50,673e3f5bc4dd0fbddbf30574,6a23684ed048b6bf20815a6e,82
6a23684ed048b6bf20815df8,69f15962aae2dfb2ec2a3410,673e3f5bc4dd0fbddbf3057b,6a23684ed048b6bf20815a6e,121
6a23684ed048b6bf20815df9,6a23684ed048b6bf20815a2a,673e3f5bc4dd0fbddbf30570,6a23684ed048b6bf20815a6e,155
6a23684ed048b6bf20815dfa,6a23684ed048b6bf20815a49,673e3f5bc4dd0fbddbf30577,6a23684ed048b6bf20815a6e,33
6a23684ed048b6bf20815dfb,6a23684ed048b6bf20815a28,673e3f5bc4dd0fbddbf3057a,6a23684ed048b6bf20815a6e,93
6a23684ed048b6bf20815dfc,6a23684ed048b6bf20815a3d,673e3f5bc4dd0fbddbf3055a,6a23684ed048b6bf20815a6e,52
6a23684ed048b6bf20815dfd,6a23684ed048b6bf20815a29,673e3f5bc4dd0fbddbf30564,6a23684ed048b6bf20815a6f,20
6a23684ed048b6bf20815dfe,673e3f5bc4dd0fbddbf3058c,673e3f5bc4dd0fbddbf30573,6a23684ed048b6bf20815a6f,143
6a23684ed048b6bf20815dff,6a23684ed048b6bf20815a34,673e3f5bc4dd0fbddbf3055b,6a23684ed048b6bf20815a6f,119
6a23684ed048b6bf20815e00,6a23684ed048b6bf20815a3a,673e3f5bc4dd0fbddbf30564,6a23684ed048b6bf20815a6f,62
6a23684ed048b6bf20815e01,69f15962aae2dfb2ec2a3410,673e3f5bc4dd0fbddbf30568,6a23684ed048b6bf20815a6f,106
6a23684ed048b6bf20815e02,6a23684ed048b6bf20815a27,673e3f5bc4dd0fbddbf3057c,6a23684ed048b6bf20815a6f,116
6a23684ed048b6bf20815e03,6a23684ed048b6bf20815a39,673e3f5bc4dd0fbddbf30583,6a23684ed048b6bf20815a6f,103
6a23684ed048b6bf20815e04,6a23684ed048b6bf20815a42,673e3f5bc4dd0fbddbf30575,6a23684ed048b6bf20815a70,4
6a23684ed048b6bf20815e05,6a23684ed048b6bf20815a26,673e3f5bc4dd0fbddbf30578,6a23684ed048b6bf20815a70,37
6a23684ed048b6bf20815e06,6a23684ed048b6bf20815a44,673e3f5bc4dd0fbddbf30573,6a23684ed048b6bf20815a70,159
6a23684ed048b6bf20815e07,6a23684ed048b6bf20815a28,673e3f5bc4dd0fbddbf30581,6a23684ed048b6bf20815a70,80
6a23684ed048b6bf20815e08,6a23684ed048b6bf20815a23,673e3f5bc4dd0fbddbf3057b,6a23684ed048b6bf20815a70,130
6a23684ed048b6bf20815e09,6a23684ed048b6bf20815a4a,673e3f5bc4dd0fbddbf30585,6a23684ed048b6bf20815a70,11
6a23684ed048b6bf20815e0a,6a23684ed048b6bf20815a22,673e3f5bc4dd0fbddbf3056c,6a23684ed048b6bf20815a70,85
6a23684ed048b6bf20815e0b,6a23684ed048b6bf20815a26,673e3f5bc4dd0fbddbf30558,6a23684ed048b6bf20815a70,162
6a23684ed048b6bf20815e0c,6a23684ed048b6bf20815a34,673e3f5bc4dd0fbddbf30559,6a23684ed048b6bf20815a71,6
6a23684ed048b6bf20815e0d,69f14030aae2dfb2ec2a340c,673e3f5bc4dd0fbddbf30583,6a23684ed048b6bf20815a71,84
6a23684ed048b6bf20815e0e,6a23684ed048b6bf20815a37,673e3f5bc4dd0fbddbf30561,6a23684ed048b6bf20815a71,3
6a23684ed048b6bf20815e0f,6a23684ed048b6bf20815a3a,673e3f5bc4dd0fbddbf30585,6a23684ed048b6bf20815a71,81
6a23684ed048b6bf20815e10,6a23684ed048b6bf20815a45,673e3f5bc4dd0fbddbf30574,6a23684ed048b6bf20815a71,132
6a23684ed048b6bf20815e11,6a23684ed048b6bf20815a4e,673e3f5bc4dd0fbddbf30578,6a23684ed048b6bf20815a71,196
6a23684ed048b6bf20815e12,673e418eebd8e8b395d9b131,673e3f5bc4dd0fbddbf3055f,6a23684ed048b6bf20815a71,104
6a23684ed048b6bf20815e13,6a23684ed048b6bf20815a4c,673e3f5bc4dd0fbddbf30574,6a23684ed048b6bf20815a72,27
6a23684ed048b6bf20815e14,673e3f5bc4dd0fbddbf3058a,673e3f5bc4dd0fbddbf30556,6a23684ed048b6bf20815a72,106
6a23684ed048b6bf20815e15,6a23684ed048b6bf20815a4b,673e3f5bc4dd0fbddbf3057c,6a23684ed048b6bf20815a72,64
6a23684ed048b6bf20815e16,6a23684ed048b6bf20815a27,673e3f5bc4dd0fbddbf3057d,6a23684ed048b6bf20815a72,5
6a23684ed048b6bf20815e17,6a23684ed048b6bf20815a3b,673e3f5bc4dd0fbddbf3055a,6a23684ed048b6bf20815a72,126
6a23684ed048b6bf20815e18,6a23684ed048b6bf20815a37,673e3f5bc4dd0fbddbf3057a,6a23684ed048b6bf20815a72,177
6a23684ed048b6bf20815e19,6a2364f24fa406e15e209691,673e3f5bc4dd0fbddbf3056b,6a23684ed048b6bf20815a72,102
6a23684ed048b6bf20815e1a,6a23684ed048b6bf20815a44,673e3f5bc4dd0fbddbf30582,6a23684ed048b6bf20815a72,164
6a23684ed048b6bf20815e1b,6a23684ed048b6bf20815a37,673e3f5bc4dd0fbddbf3056a,6a23684ed048b6bf20815a73,132
6a23684ed048b6bf20815e1c,6a23684ed048b6bf20815a22,673e3f5bc4dd0fbddbf3055d,6a23684ed048b6bf20815a73,149
6a23684ed048b6bf20815e1d,69f14030aae2dfb2ec2a340c,673e3f5bc4dd0fbddbf3056b,6a23684ed048b6bf20815a73,149
6a23684ed048b6bf20815e1e,6a23684ed048b6bf20815a34,673e3f5bc4dd0fbddbf30573,6a23684ed048b6bf20815a73,194
6a23684ed048b6bf20815e1f,6a23684ed048b6bf20815a2c,673e3f5bc4dd0fbddbf3055e,6a23684ed048b6bf20815a73,35
6a23684ed048b6bf20815e20,6a23684ed048b6bf20815a3f,673e3f5bc4dd0fbddbf30556,6a23684ed048b6bf20815a73,199
6a23684ed048b6bf20815e21,6a23684ed048b6bf20815a2d,673e3f5bc4dd0fbddbf30571,6a23684ed048b6bf20815a73,96
6a23684ed048b6bf20815e22,6a23684ed048b6bf20815a3f,673e3f5bc4dd0fbddbf3055a,6a23684ed048b6bf20815a74,23
6a23684ed048b6bf20815e23,6a23684ed048b6bf20815a48,673e3f5bc4dd0fbddbf30580,6a23684ed048b6bf20815a74,128
6a23684ed048b6bf20815e24,6a23684ed048b6bf20815a35,673e3f5bc4dd0fbddbf3057d,6a23684ed048b6bf20815a74,134
6a23684ed048b6bf20815e25,6a23684ed048b6bf20815a27,673e3f5bc4dd0fbddbf3057d,6a23684ed048b6bf20815a74,102
6a23684ed048b6bf20815e26,69f15962aae2dfb2ec2a3410,673e3f5bc4dd0fbddbf30586,6a23684ed048b6bf20815a74,3
6a23684ed048b6bf20815e27,6a23684ed048b6bf20815a45,673e3f5bc4dd0fbddbf3057e,6a23684ed048b6bf20815a74,108
6a23684ed048b6bf20815e28,6a23684ed048b6bf20815a4e,673e3f5bc4dd0fbddbf30572,6a23684ed048b6bf20815a74,98
6a23684ed048b6bf20815e29,6a23684ed048b6bf20815a29,673e3f5bc4dd0fbddbf3056f,6a23684ed048b6bf20815a74,195
6a23684ed048b6bf20815e2a,6a23684ed048b6bf20815a3c,673e3f5bc4dd0fbddbf30585,6a23684ed048b6bf20815a75,113
6a23684ed048b6bf20815e2b,6a23684ed048b6bf20815a47,673e3f5bc4dd0fbddbf3056a,6a23684ed048b6bf20815a75,42
6a23684ed048b6bf20815e2c,6a23684ed048b6bf20815a2d,673e3f5bc4dd0fbddbf3057f,6a23684ed048b6bf20815a75,11
6a23684ed048b6bf20815e2d,6a23684ed048b6bf20815a51,673e3f5bc4dd0fbddbf30559,6a23684ed048b6bf20815a75,179
6a23684ed048b6bf20815e2e,6a23684ed048b6bf20815a3b,673e3f5bc4dd0fbddbf3057f,6a23684ed048b6bf20815a75,167
6a23684ed048b6bf20815e2f,673e3f5bc4dd0fbddbf30589,673e3f5bc4dd0fbddbf30582,6a23684ed048b6bf20815a75,122
6a23684ed048b6bf20815e30,6a23684ed048b6bf20815a46,673e3f5bc4dd0fbddbf3055c,6a23684ed048b6bf20815a75,129
6a23684ed048b6bf20815e31,6a23684ed048b6bf20815a2d,673e3f5bc4dd0fbddbf3055d,6a23684ed048b6bf20815a75,102
6a23684ed048b6bf20815e32,6a23684ed048b6bf20815a51,673e3f5bc4dd0fbddbf3057e,6a23684ed048b6bf20815a75,93
6a23684ed048b6bf20815e33,6a23684ed048b6bf20815a3a,673e3f5bc4dd0fbddbf30557,6a23684ed048b6bf20815a76,112
6a23684ed048b6bf20815e34,6a23684ed048b6bf20815a47,673e3f5bc4dd0fbddbf30568,6a23684ed048b6bf20815a76,170
6a23684ed048b6bf20815e35,6a23684ed048b6bf20815a51,673e3f5bc4dd0fbddbf30581,6a23684ed048b6bf20815a76,44
6a23684ed048b6bf20815e36,6a23684ed048b6bf20815a37,673e3f5bc4dd0fbddbf3056f,6a23684ed048b6bf20815a76,93
6a23684ed048b6bf20815e37,673e3f5bc4dd0fbddbf3058b,673e3f5bc4dd0fbddbf3056c,6a23684ed048b6bf20815a76,187
6a23684ed048b6bf20815e38,6a23684ed048b6bf20815a4b,673e3f5bc4dd0fbddbf3056c,6a23684ed048b6bf20815a76,184
6a23684ed048b6bf20815e39,6a23684ed048b6bf20815a24,673e3f5bc4dd0fbddbf30562,6a23684ed048b6bf20815a76,117
6a23684ed048b6bf20815e3a,6a23684ed048b6bf20815a22,673e3f5bc4dd0fbddbf3057f,6a23684ed048b6bf20815a76,61
6a23684ed048b6bf20815e3b,6a23684ed048b6bf20815a3b,673e3f5bc4dd0fbddbf30567,6a23684ed048b6bf20815a76,44
6a23684ed048b6bf20815e3c,6a23684ed048b6bf20815a30,673e3f5bc4dd0fbddbf3057e,6a23684ed048b6bf20815a77,36
6a23684ed048b6bf20815e3d,6a23684ed048b6bf20815a2b,673e3f5bc4dd0fbddbf3056a,6a23684ed048b6bf20815a77,59
6a23684ed048b6bf20815e3e,6a23684ed048b6bf20815a22,673e3f5bc4dd0fbddbf3056c,6a23684ed048b6bf20815a77,127
6a23684ed048b6bf20815e3f,6a23684ed048b6bf20815a36,673e3f5bc4dd0fbddbf3055e,6a23684ed048b6bf20815a77,101
6a23684ed048b6bf20815e40,673e3f5bc4dd0fbddbf3058a,673e3f5bc4dd0fbddbf30570,6a23684ed048b6bf20815a77,150
6a23684ed048b6bf20815e41,6a23684ed048b6bf20815a28,673e3f5bc4dd0fbddbf3055e,6a23684ed048b6bf20815a77,170
6a23684ed048b6bf20815e42,6a23684ed048b6bf20815a49,673e3f5bc4dd0fbddbf30566,6a23684ed048b6bf20815a77,125
6a23684ed048b6bf20815e43,6a23684ed048b6bf20815a44,673e3f5bc4dd0fbddbf3057d,6a23684ed048b6bf20815a77,140
6a23684ed048b6bf20815e44,6a23684ed048b6bf20815a53,673e3f5bc4dd0fbddbf3056a,6a23684ed048b6bf20815a77,47
6a23684ed048b6bf20815e45,6a23684ed048b6bf20815a3b,673e3f5bc4dd0fbddbf30561,6a23684ed048b6bf20815a77,26
6a23684ed048b6bf20815e46,6a23684ed048b6bf20815a2f,673e3f5bc4dd0fbddbf30560,6a23684ed048b6bf20815a78,42
6a23684ed048b6bf20815e47,6a23684ed048b6bf20815a25,673e3f5bc4dd0fbddbf3056d,6a23684ed048b6bf20815a78,81
6a23684ed048b6bf20815e48,6a23684ed048b6bf20815a38,673e3f5bc4dd0fbddbf30560,6a23684ed048b6bf20815a78,51
6a23684ed048b6bf20815e49,69c5efe49f86baf046e1b625,673e3f5bc4dd0fbddbf30575,6a23684ed048b6bf20815a78,63
6a23684ed048b6bf20815e4a,6a23684ed048b6bf20815a24,673e3f5bc4dd0fbddbf30585,6a23684ed048b6bf20815a78,69
6a23684ed048b6bf20815e4b,6a23684ed048b6bf20815a4d,673e3f5bc4dd0fbddbf3057e,6a23684ed048b6bf20815a79,59
6a23684ed048b6bf20815e4c,6a23684ed048b6bf20815a22,673e3f5bc4dd0fbddbf30568,6a23684ed048b6bf20815a79,181
6a23684ed048b6bf20815e4d,69c728f34d93cfae68784f85,673e3f5bc4dd0fbddbf30566,6a23684ed048b6bf20815a79,117
6a23684ed048b6bf20815e4e,69c5efe49f86baf046e1b625,673e3f5bc4dd0fbddbf3057f,6a23684ed048b6bf20815a79,181
6a23684ed048b6bf20815e4f,69f15c8faae2dfb2ec2a3411,673e3f5bc4dd0fbddbf3056e,6a23684ed048b6bf20815a79,167
6a23684ed048b6bf20815e50,6a23684ed048b6bf20815a4d,673e3f5bc4dd0fbddbf30578,6a23684ed048b6bf20815a7a,17
6a23684ed048b6bf20815e51,6a23684ed048b6bf20815a4e,673e3f5bc4dd0fbddbf3057a,6a23684ed048b6bf20815a7a,87
6a23684ed048b6bf20815e52,6a23684ed048b6bf20815a29,673e3f5bc4dd0fbddbf30571,6a23684ed048b6bf20815a7a,123
6a23684ed048b6bf20815e53,6a23684ed048b6bf20815a29,673e3f5bc4dd0fbddbf30558,6a23684ed048b6bf20815a7a,91
6a23684ed048b6bf20815e54,6a23684ed048b6bf20815a40,673e3f5bc4dd0fbddbf3055d,6a23684ed048b6bf20815a7a,191
6a23684ed048b6bf20815e55,6a23684ed048b6bf20815a51,673e3f5bc4dd0fbddbf3056b,6a23684ed048b6bf20815a7a,41
6a23684ed048b6bf20815e56,6a23684ed048b6bf20815a41,673e3f5bc4dd0fbddbf3057a,6a23684ed048b6bf20815a7a,178
6a23684ed048b6bf20815e57,6a23684ed048b6bf20815a4e,673e3f5bc4dd0fbddbf30582,6a23684ed048b6bf20815a7b,184
6a23684ed048b6bf20815e58,6a23684ed048b6bf20815a26,673e3f5bc4dd0fbddbf30585,6a23684ed048b6bf20815a7b,95
6a23684ed048b6bf20815e59,6a23684ed048b6bf20815a38,673e3f5bc4dd0fbddbf30572,6a23684ed048b6bf20815a7b,170
6a23684ed048b6bf20815e5a,6a23684ed048b6bf20815a3e,673e3f5bc4dd0fbddbf3056a,6a23684ed048b6bf20815a7b,109
6a23684ed048b6bf20815e5b,6a23684ed048b6bf20815a2c,673e3f5bc4dd0fbddbf30571,6a23684ed048b6bf20815a7b,9
6a23684ed048b6bf20815e5c,6a23684ed048b6bf20815a2d,673e3f5bc4dd0fbddbf30569,6a23684ed048b6bf20815a7b,106
6a23684ed048b6bf20815e5d,69c7072ba75520b26cb936f7,673e3f5bc4dd0fbddbf3057c,6a23684ed048b6bf20815a7b,24
6a23684ed048b6bf20815e5e,673e3f5bc4dd0fbddbf3058c,673e3f5bc4dd0fbddbf30586,6a23684ed048b6bf20815a7c,185
6a23684ed048b6bf20815e5f,6a23684ed048b6bf20815a26,673e3f5bc4dd0fbddbf30561,6a23684ed048b6bf20815a7c,100
6a23684ed048b6bf20815e60,6a23684ed048b6bf20815a28,673e3f5bc4dd0fbddbf30573,6a23684ed048b6bf20815a7c,143
6a23684ed048b6bf20815e61,6a23684ed048b6bf20815a2d,673e3f5bc4dd0fbddbf3057f,6a23684ed048b6bf20815a7c,64
6a23684ed048b6bf20815e62,6a23684ed048b6bf20815a4f,673e3f5bc4dd0fbddbf3057e,6a23684ed048b6bf20815a7c,131
6a23684ed048b6bf20815e63,6a23684ed048b6bf20815a52,673e3f5bc4dd0fbddbf3057e,6a23684ed048b6bf20815a7c,184
6a23684ed048b6bf20815e64,69f15962aae2dfb2ec2a3410,673e3f5bc4dd0fbddbf30575,6a23684ed048b6bf20815a7c,199
6a23684ed048b6bf20815e65,6a23684ed048b6bf20815a3c,673e3f5bc4dd0fbddbf30564,6a23684ed048b6bf20815a7c,131
6a23684ed048b6bf20815e66,6a23684ed048b6bf20815a4a,673e3f5bc4dd0fbddbf30561,6a23684ed048b6bf20815a7c,71
6a23684ed048b6bf20815e67,6a23684ed048b6bf20815a4f,673e3f5bc4dd0fbddbf3055e,6a23684ed048b6bf20815a7c,25
6a23684ed048b6bf20815e68,6a23684ed048b6bf20815a49,673e3f5bc4dd0fbddbf30571,6a23684ed048b6bf20815a7d,130
6a23684ed048b6bf20815e69,6a23684ed048b6bf20815a48,673e3f5bc4dd0fbddbf3055f,6a23684ed048b6bf20815a7d,88
6a23684ed048b6bf20815e6a,69c7072ba75520b26cb936f7,673e3f5bc4dd0fbddbf3056e,6a23684ed048b6bf20815a7d,198
6a23684ed048b6bf20815e6b,6a23684ed048b6bf20815a47,673e3f5bc4dd0fbddbf30585,6a23684ed048b6bf20815a7d,200
6a23684ed048b6bf20815e6c,6a23684ed048b6bf20815a23,673e3f5bc4dd0fbddbf3057e,6a23684ed048b6bf20815a7d,13
6a23684ed048b6bf20815e6d,6a23684ed048b6bf20815a28,673e3f5bc4dd0fbddbf30565,6a23684ed048b6bf20815a7d,197
6a23684ed048b6bf20815e6e,6a23684ed048b6bf20815a3d,673e3f5bc4dd0fbddbf30558,6a23684ed048b6bf20815a7d,96
6a23684ed048b6bf20815e6f,6a23684ed048b6bf20815a41,673e3f5bc4dd0fbddbf3055b,6a23684ed048b6bf20815a7d,61
6a23684ed048b6bf20815e70,6a23684ed048b6bf20815a52,673e3f5bc4dd0fbddbf3057a,6a23684ed048b6bf20815a7d,55
6a23684ed048b6bf20815e71,6a23684ed048b6bf20815a40,673e3f5bc4dd0fbddbf3056e,6a23684ed048b6bf20815a7d,96
6a23684ed048b6bf20815e72,6a23684ed048b6bf20815a36,673e3f5bc4dd0fbddbf30564,6a23684ed048b6bf20815a7e,132
6a23684ed048b6bf20815e73,6a23684ed048b6bf20815a26,673e3f5bc4dd0fbddbf3057a,6a23684ed048b6bf20815a7e,167
6a23684ed048b6bf20815e74,673e3f5bc4dd0fbddbf30589,673e3f5bc4dd0fbddbf3056e,6a23684ed048b6bf20815a7e,12
6a23684ed048b6bf20815e75,6a2364f24fa406e15e209691,673e3f5bc4dd0fbddbf3055d,6a23684ed048b6bf20815a7e,145
6a23684ed048b6bf20815e76,6a23684ed048b6bf20815a41,673e3f5bc4dd0fbddbf30559,6a23684ed048b6bf20815a7e,23
6a23684ed048b6bf20815e77,6a23684ed048b6bf20815a2c,673e3f5bc4dd0fbddbf30574,6a23684ed048b6bf20815a7e,102
6a23684ed048b6bf20815e78,6a23684ed048b6bf20815a23,673e3f5bc4dd0fbddbf3056e,6a23684ed048b6bf20815a7e,129
6a23684ed048b6bf20815e79,6a23684ed048b6bf20815a38,673e3f5bc4dd0fbddbf30571,6a23684ed048b6bf20815a7e,110
6a23684ed048b6bf20815e7a,673e3f5bc4dd0fbddbf30588,673e3f5bc4dd0fbddbf3056f,6a23684ed048b6bf20815a7e,168
6a23684ed048b6bf20815e7b,6a23684ed048b6bf20815a2a,673e3f5bc4dd0fbddbf30587,6a23684ed048b6bf20815a7f,100
6a23684ed048b6bf20815e7c,6a23684ed048b6bf20815a30,673e3f5bc4dd0fbddbf30567,6a23684ed048b6bf20815a7f,127
6a23684ed048b6bf20815e7d,6a23684ed048b6bf20815a32,673e3f5bc4dd0fbddbf3055e,6a23684ed048b6bf20815a7f,94
6a23684ed048b6bf20815e7e,69f15c8faae2dfb2ec2a3411,673e3f5bc4dd0fbddbf30573,6a23684ed048b6bf20815a7f,191
6a23684ed048b6bf20815e7f,6a23684ed048b6bf20815a4f,673e3f5bc4dd0fbddbf30567,6a23684ed048b6bf20815a7f,34
6a23684ed048b6bf20815e80,6a23684ed048b6bf20815a4a,673e3f5bc4dd0fbddbf30564,6a23684ed048b6bf20815a7f,158
6a23684ed048b6bf20815e81,6a23684ed048b6bf20815a33,673e3f5bc4dd0fbddbf30571,6a23684ed048b6bf20815a7f,126
6a23684ed048b6bf20815e82,6a23684ed048b6bf20815a22,673e3f5bc4dd0fbddbf30584,6a23684ed048b6bf20815a7f,105
6a23684ed048b6bf20815e83,6a23684ed048b6bf20815a3e,673e3f5bc4dd0fbddbf3056d,6a23684ed048b6bf20815a7f,117
6a23684ed048b6bf20815e84,6a23684ed048b6bf20815a3a,673e3f5bc4dd0fbddbf30561,6a23684ed048b6bf20815a7f,12
6a23684ed048b6bf20815e85,6a23684ed048b6bf20815a4c,673e3f5bc4dd0fbddbf30570,6a23684ed048b6bf20815a80,150
6a23684ed048b6bf20815e86,673e418eebd8e8b395d9b131,673e3f5bc4dd0fbddbf3056b,6a23684ed048b6bf20815a80,58
6a23684ed048b6bf20815e87,6a23684ed048b6bf20815a48,673e3f5bc4dd0fbddbf3057a,6a23684ed048b6bf20815a80,55
6a23684ed048b6bf20815e88,69f14030aae2dfb2ec2a340c,673e3f5bc4dd0fbddbf3056b,6a23684ed048b6bf20815a80,97
6a23684ed048b6bf20815e89,6a2364f24fa406e15e209691,673e3f5bc4dd0fbddbf30579,6a23684ed048b6bf20815a80,169
6a23684ed048b6bf20815e8a,6a23684ed048b6bf20815a3d,673e3f5bc4dd0fbddbf30570,6a23684ed048b6bf20815a80,121
6a23684ed048b6bf20815e8b,69f15c8faae2dfb2ec2a3411,673e3f5bc4dd0fbddbf30577,6a23684ed048b6bf20815a80,58
6a23684ed048b6bf20815e8c,6a23684ed048b6bf20815a2d,673e3f5bc4dd0fbddbf30559,6a23684ed048b6bf20815a80,186
6a23684ed048b6bf20815e8d,6a23684ed048b6bf20815a52,673e3f5bc4dd0fbddbf30565,6a23684ed048b6bf20815a80,54
6a23684ed048b6bf20815e8e,6a23684ed048b6bf20815a42,673e3f5bc4dd0fbddbf30556,6a23684ed048b6bf20815a80,122
6a23684ed048b6bf20815e8f,6a23684ed048b6bf20815a39,673e3f5bc4dd0fbddbf30568,6a23684ed048b6bf20815a81,3
6a23684ed048b6bf20815e90,6a23684ed048b6bf20815a40,673e3f5bc4dd0fbddbf3057f,6a23684ed048b6bf20815a81,170
6a23684ed048b6bf20815e91,6a23684ed048b6bf20815a28,673e3f5bc4dd0fbddbf3057b,6a23684ed048b6bf20815a81,107
6a23684ed048b6bf20815e92,6a23684ed048b6bf20815a36,673e3f5bc4dd0fbddbf30586,6a23684ed048b6bf20815a81,199
6a23684ed048b6bf20815e93,6a23684ed048b6bf20815a3c,673e3f5bc4dd0fbddbf30570,6a23684ed048b6bf20815a81,26
6a23684ed048b6bf20815e94,6a23684ed048b6bf20815a50,673e3f5bc4dd0fbddbf30567,6a23684ed048b6bf20815a81,89
6a23684ed048b6bf20815e95,6a23684ed048b6bf20815a33,673e3f5bc4dd0fbddbf3056b,6a23684ed048b6bf20815a81,178
6a23684ed048b6bf20815e96,6a23684ed048b6bf20815a41,673e3f5bc4dd0fbddbf30580,6a23684ed048b6bf20815a81,165
6a23684ed048b6bf20815e97,69c5efe49f86baf046e1b625,673e3f5bc4dd0fbddbf3055c,6a23684ed048b6bf20815a81,150
6a23684ed048b6bf20815e98,6a23684ed048b6bf20815a3d,673e3f5bc4dd0fbddbf3055a,6a23684ed048b6bf20815a82,163
6a23684ed048b6bf20815e99,6a23684ed048b6bf20815a35,673e3f5bc4dd0fbddbf30580,6a23684ed048b6bf20815a82,170
6a23684ed048b6bf20815e9a,6a23684ed048b6bf20815a27,673e3f5bc4dd0fbddbf30570,6a23684ed048b6bf20815a82,150
6a23684ed048b6bf20815e9b,6a23684ed048b6bf20815a24,673e3f5bc4dd0fbddbf30574,6a23684ed048b6bf20815a82,140
6a23684ed048b6bf20815e9c,6a23684ed048b6bf20815a53,673e3f5bc4dd0fbddbf30559,6a23684ed048b6bf20815a82,80
6a23684ed048b6bf20815e9d,6a23684ed048b6bf20815a39,673e3f5bc4dd0fbddbf3055a,6a23684ed048b6bf20815a82,12
6a23684ed048b6bf20815e9e,6a23684ed048b6bf20815a51,673e3f5bc4dd0fbddbf30559,6a23684ed048b6bf20815a82,37
6a23684ed048b6bf20815e9f,6a23684ed048b6bf20815a47,673e3f5bc4dd0fbddbf30580,6a23684ed048b6bf20815a82,158
6a23684ed048b6bf20815ea0,6a23684ed048b6bf20815a51,673e3f5bc4dd0fbddbf30573,6a23684ed048b6bf20815a82,32
6a23684ed048b6bf20815ea1,6a23684ed048b6bf20815a38,673e3f5bc4dd0fbddbf30583,6a23684ed048b6bf20815a82,15
6a23684ed048b6bf20815ea2,6a23684ed048b6bf20815a22,673e3f5bc4dd0fbddbf30583,6a23684ed048b6bf20815a83,59
6a23684ed048b6bf20815ea3,673e3f5bc4dd0fbddbf30588,673e3f5bc4dd0fbddbf3056b,6a23684ed048b6bf20815a83,73
6a23684ed048b6bf20815ea4,6a23684ed048b6bf20815a26,673e3f5bc4dd0fbddbf30572,6a23684ed048b6bf20815a83,182
6a23684ed048b6bf20815ea5,6a23684ed048b6bf20815a4c,673e3f5bc4dd0fbddbf30574,6a23684ed048b6bf20815a83,40
6a23684ed048b6bf20815ea6,6a23684ed048b6bf20815a47,673e3f5bc4dd0fbddbf3056f,6a23684ed048b6bf20815a83,31
6a23684ed048b6bf20815ea7,6a23684ed048b6bf20815a3a,673e3f5bc4dd0fbddbf3056a,6a23684ed048b6bf20815a83,166
6a23684ed048b6bf20815ea8,6a23684ed048b6bf20815a4a,673e3f5bc4dd0fbddbf3056d,6a23684ed048b6bf20815a83,184
6a23684ed048b6bf20815ea9,673e3f5bc4dd0fbddbf3058b,673e3f5bc4dd0fbddbf3055b,6a23684ed048b6bf20815a83,163
6a23684ed048b6bf20815eaa,69c5efe49f86baf046e1b625,673e3f5bc4dd0fbddbf3056d,6a23684ed048b6bf20815a83,20
6a23684ed048b6bf20815eab,6a23684ed048b6bf20815a4c,673e3f5bc4dd0fbddbf3055c,6a23684ed048b6bf20815a83,5
6a23684ed048b6bf20815eac,6a23684ed048b6bf20815a4d,673e3f5bc4dd0fbddbf3056a,6a23684ed048b6bf20815a84,72
6a23684ed048b6bf20815ead,673e3f5bc4dd0fbddbf30589,673e3f5bc4dd0fbddbf30570,6a23684ed048b6bf20815a84,171
6a23684ed048b6bf20815eae,6a23684ed048b6bf20815a3f,673e3f5bc4dd0fbddbf30565,6a23684ed048b6bf20815a84,157
6a23684ed048b6bf20815eaf,69f15c8faae2dfb2ec2a3411,673e3f5bc4dd0fbddbf3055d,6a23684ed048b6bf20815a84,89
6a23684ed048b6bf20815eb0,6a23684ed048b6bf20815a23,673e3f5bc4dd0fbddbf3057d,6a23684ed048b6bf20815a84,102
6a23684ed048b6bf20815eb1,6a23684ed048b6bf20815a3f,673e3f5bc4dd0fbddbf30584,6a23684ed048b6bf20815a84,139
6a23684ed048b6bf20815eb2,69c728f34d93cfae68784f85,673e3f5bc4dd0fbddbf30560,6a23684ed048b6bf20815a84,69
6a23684ed048b6bf20815eb3,6a23684ed048b6bf20815a30,673e3f5bc4dd0fbddbf3056f,6a23684ed048b6bf20815a84,180
6a23684ed048b6bf20815eb4,673e3f5bc4dd0fbddbf30589,673e3f5bc4dd0fbddbf30559,6a23684ed048b6bf20815a84,125
6a23684ed048b6bf20815eb5,673e3f5bc4dd0fbddbf3058a,673e3f5bc4dd0fbddbf3057f,6a23684ed048b6bf20815a84,77
6a23684ed048b6bf20815eb6,6a23684ed048b6bf20815a30,673e3f5bc4dd0fbddbf30569,6a23684ed048b6bf20815a85,195
6a23684ed048b6bf20815eb7,673e3f5bc4dd0fbddbf3058b,673e3f5bc4dd0fbddbf3057f,6a23684ed048b6bf20815a85,105
6a23684ed048b6bf20815eb8,6a23684ed048b6bf20815a3d,673e3f5bc4dd0fbddbf3056c,6a23684ed048b6bf20815a85,196
6a23684ed048b6bf20815eb9,6a23684ed048b6bf20815a3e,673e3f5bc4dd0fbddbf30569,6a23684ed048b6bf20815a85,13
6a23684ed048b6bf20815eba,6a23684ed048b6bf20815a43,673e3f5bc4dd0fbddbf3057c,6a23684ed048b6bf20815a85,105
6a23684ed048b6bf20815ebb,6a23684ed048b6bf20815a3f,673e3f5bc4dd0fbddbf3055c,6a23684ed048b6bf20815a85,92
6a23684ed048b6bf20815ebc,6a23684ed048b6bf20815a4f,673e3f5bc4dd0fbddbf3056f,6a23684ed048b6bf20815a85,199
6a23684ed048b6bf20815ebd,6a23684ed048b6bf20815a28,673e3f5bc4dd0fbddbf30575,6a23684ed048b6bf20815a85,111
6a23684ed048b6bf20815ebe,69f15c8faae2dfb2ec2a3411,673e3f5bc4dd0fbddbf3056c,6a23684ed048b6bf20815a85,110
6a23684ed048b6bf20815ebf,6a23684ed048b6bf20815a24,673e3f5bc4dd0fbddbf30579,6a23684ed048b6bf20815a86,188
6a23684ed048b6bf20815ec0,6a23684ed048b6bf20815a29,673e3f5bc4dd0fbddbf3055c,6a23684ed048b6bf20815a86,53
6a23684ed048b6bf20815ec1,673e4089ebd8e8b395d9b121,673e3f5bc4dd0fbddbf30568,6a23684ed048b6bf20815a86,82
6a23684ed048b6bf20815ec2,69c7072ba75520b26cb936f7,673e3f5bc4dd0fbddbf30585,6a23684ed048b6bf20815a86,20
6a23684ed048b6bf20815ec3,6a23684ed048b6bf20815a4d,673e3f5bc4dd0fbddbf30578,6a23684ed048b6bf20815a86,158
6a23684ed048b6bf20815ec4,6a23684ed048b6bf20815a4e,673e3f5bc4dd0fbddbf30561,6a23684ed048b6bf20815a86,55
6a23684ed048b6bf20815ec5,6a23684ed048b6bf20815a3c,673e3f5bc4dd0fbddbf30583,6a23684ed048b6bf20815a86,66
6a23684ed048b6bf20815ec6,6a23684ed048b6bf20815a3c,673e3f5bc4dd0fbddbf30569,6a23684ed048b6bf20815a86,88
6a23684ed048b6bf20815ec7,6a23684ed048b6bf20815a3a,673e3f5bc4dd0fbddbf30557,6a23684ed048b6bf20815a86,107
6a23684ed048b6bf20815ec8,69c728f34d93cfae68784f85,673e3f5bc4dd0fbddbf30557,6a23684ed048b6bf20815a86,70
6a23684ed048b6bf20815ec9,6a23684ed048b6bf20815a32,673e3f5bc4dd0fbddbf30570,6a23684ed048b6bf20815a87,3
6a23684ed048b6bf20815eca,6a23684ed048b6bf20815a30,673e3f5bc4dd0fbddbf3056d,6a23684ed048b6bf20815a87,4
6a23684ed048b6bf20815ecb,6a23684ed048b6bf20815a3d,673e3f5bc4dd0fbddbf30578,6a23684ed048b6bf20815a87,183
6a23684ed048b6bf20815ecc,6a23684ed048b6bf20815a3a,673e3f5bc4dd0fbddbf30563,6a23684ed048b6bf20815a87,48
6a23684ed048b6bf20815ecd,6a23684ed048b6bf20815a42,673e3f5bc4dd0fbddbf3057d,6a23684ed048b6bf20815a87,174
6a23684ed048b6bf20815ece,673e3f5bc4dd0fbddbf3058b,673e3f5bc4dd0fbddbf30581,6a23684ed048b6bf20815a87,180
6a23684ed048b6bf20815ecf,6a23684ed048b6bf20815a29,673e3f5bc4dd0fbddbf30565,6a23684ed048b6bf20815a87,66
6a23684ed048b6bf20815ed0,6a23684ed048b6bf20815a4a,673e3f5bc4dd0fbddbf3057b,6a23684ed048b6bf20815a88,104
6a23684ed048b6bf20815ed1,6a23684ed048b6bf20815a47,673e3f5bc4dd0fbddbf3055c,6a23684ed048b6bf20815a88,110
6a23684ed048b6bf20815ed2,6a23684ed048b6bf20815a27,673e3f5bc4dd0fbddbf30579,6a23684ed048b6bf20815a88,168
6a23684ed048b6bf20815ed3,6a23684ed048b6bf20815a47,673e3f5bc4dd0fbddbf30572,6a23684ed048b6bf20815a88,68
6a23684ed048b6bf20815ed4,6a23684ed048b6bf20815a37,673e3f5bc4dd0fbddbf30587,6a23684ed048b6bf20815a88,187
6a23684ed048b6bf20815ed5,6a23684ed048b6bf20815a43,673e3f5bc4dd0fbddbf30563,6a23684ed048b6bf20815a89,99
6a23684ed048b6bf20815ed6,6a23684ed048b6bf20815a32,673e3f5bc4dd0fbddbf30571,6a23684ed048b6bf20815a89,79
6a23684ed048b6bf20815ed7,6a23684ed048b6bf20815a32,673e3f5bc4dd0fbddbf30560,6a23684ed048b6bf20815a89,55
6a23684ed048b6bf20815ed8,673e4089ebd8e8b395d9b121,673e3f5bc4dd0fbddbf30585,6a23684ed048b6bf20815a89,172
6a23684ed048b6bf20815ed9,6a23684ed048b6bf20815a4a,673e3f5bc4dd0fbddbf30579,6a23684ed048b6bf20815a89,81
6a23684ed048b6bf20815eda,6a23684ed048b6bf20815a41,673e3f5bc4dd0fbddbf30582,6a23684ed048b6bf20815a89,170
6a23684ed048b6bf20815edb,6a23684ed048b6bf20815a36,673e3f5bc4dd0fbddbf30563,6a23684ed048b6bf20815a89,102
6a23684ed048b6bf20815edc,6a23684ed048b6bf20815a35,673e3f5bc4dd0fbddbf3057d,6a23684ed048b6bf20815a89,178
6a23684ed048b6bf20815edd,69f14030aae2dfb2ec2a340c,673e3f5bc4dd0fbddbf30576,6a23684ed048b6bf20815a89,41
6a23684ed048b6bf20815ede,6a23684ed048b6bf20815a42,673e3f5bc4dd0fbddbf3057e,6a23684ed048b6bf20815a8a,61
6a23684ed048b6bf20815edf,6a23684ed048b6bf20815a24,673e3f5bc4dd0fbddbf30567,6a23684ed048b6bf20815a8a,63
6a23684ed048b6bf20815ee0,6a23684ed048b6bf20815a4f,673e3f5bc4dd0fbddbf30564,6a23684ed048b6bf20815a8a,36
6a23684ed048b6bf20815ee1,6a23684ed048b6bf20815a29,673e3f5bc4dd0fbddbf30576,6a23684ed048b6bf20815a8a,142
6a23684ed048b6bf20815ee2,6a23684ed048b6bf20815a2a,673e3f5bc4dd0fbddbf30586,6a23684ed048b6bf20815a8a,146
6a23684ed048b6bf20815ee3,6a23684ed048b6bf20815a49,673e3f5bc4dd0fbddbf30585,6a23684ed048b6bf20815a8a,58
6a23684ed048b6bf20815ee4,6a23684ed048b6bf20815a4f,673e3f5bc4dd0fbddbf30567,6a23684ed048b6bf20815a8b,137
6a23684ed048b6bf20815ee5,6a23684ed048b6bf20815a29,673e3f5bc4dd0fbddbf30560,6a23684ed048b6bf20815a8b,125
6a23684ed048b6bf20815ee6,673e3f5bc4dd0fbddbf3058a,673e3f5bc4dd0fbddbf3055f,6a23684ed048b6bf20815a8b,130
6a23684ed048b6bf20815ee7,6a23684ed048b6bf20815a52,673e3f5bc4dd0fbddbf30575,6a23684ed048b6bf20815a8b,10
6a23684ed048b6bf20815ee8,6a23684ed048b6bf20815a4a,673e3f5bc4dd0fbddbf30584,6a23684ed048b6bf20815a8b,128
6a23684ed048b6bf20815ee9,6a23684ed048b6bf20815a4f,673e3f5bc4dd0fbddbf30586,6a23684ed048b6bf20815a8c,49
6a23684ed048b6bf20815eea,6a23684ed048b6bf20815a29,673e3f5bc4dd0fbddbf30571,6a23684ed048b6bf20815a8c,82
6a23684ed048b6bf20815eeb,6a23684ed048b6bf20815a38,673e3f5bc4dd0fbddbf30566,6a23684ed048b6bf20815a8c,12
6a23684ed048b6bf20815eec,6a23684ed048b6bf20815a23,673e3f5bc4dd0fbddbf30584,6a23684ed048b6bf20815a8c,56
6a23684ed048b6bf20815eed,6a23684ed048b6bf20815a31,673e3f5bc4dd0fbddbf30585,6a23684ed048b6bf20815a8c,156
6a23684ed048b6bf20815eee,673e3f5bc4dd0fbddbf30588,673e3f5bc4dd0fbddbf30563,6a23684ed048b6bf20815a8c,97
6a23684ed048b6bf20815eef,6a23684ed048b6bf20815a35,673e3f5bc4dd0fbddbf30561,6a23684ed048b6bf20815a8c,152
6a23684ed048b6bf20815ef0,6a23684ed048b6bf20815a2b,673e3f5bc4dd0fbddbf30585,6a23684ed048b6bf20815a8c,139
6a23684ed048b6bf20815ef1,6a23684ed048b6bf20815a53,673e3f5bc4dd0fbddbf3057b,6a23684ed048b6bf20815a8c,35
6a23684ed048b6bf20815ef2,6a23684ed048b6bf20815a4f,673e3f5bc4dd0fbddbf30586,6a23684ed048b6bf20815a8c,8
6a23684ed048b6bf20815ef3,6a23684ed048b6bf20815a23,673e3f5bc4dd0fbddbf30568,6a23684ed048b6bf20815a8d,76
6a23684ed048b6bf20815ef4,6a23684ed048b6bf20815a4d,673e3f5bc4dd0fbddbf3056f,6a23684ed048b6bf20815a8d,10
6a23684ed048b6bf20815ef5,6a23684ed048b6bf20815a47,673e3f5bc4dd0fbddbf30562,6a23684ed048b6bf20815a8d,163
6a23684ed048b6bf20815ef6,6a23684ed048b6bf20815a4c,673e3f5bc4dd0fbddbf30587,6a23684ed048b6bf20815a8d,81
6a23684ed048b6bf20815ef7,6a23684ed048b6bf20815a2f,673e3f5bc4dd0fbddbf30585,6a23684ed048b6bf20815a8d,162
6a23684ed048b6bf20815ef8,6a23684ed048b6bf20815a53,673e3f5bc4dd0fbddbf3057b,6a23684ed048b6bf20815a8d,32
6a23684ed048b6bf20815ef9,6a23684ed048b6bf20815a41,673e3f5bc4dd0fbddbf3056c,6a23684ed048b6bf20815a8d,15
6a23684ed048b6bf20815efa,6a23684ed048b6bf20815a3f,673e3f5bc4dd0fbddbf30581,6a23684ed048b6bf20815a8d,70
6a23684ed048b6bf20815efb,6a23684ed048b6bf20815a44,673e3f5bc4dd0fbddbf3056b,6a23684ed048b6bf20815a8d,184
6a23684ed048b6bf20815efc,6a23684ed048b6bf20815a41,673e3f5bc4dd0fbddbf3055a,6a23684ed048b6bf20815a8d,103
6a23684ed048b6bf20815efd,6a23684ed048b6bf20815a23,673e3f5bc4dd0fbddbf30568,6a23684ed048b6bf20815a8e,77
6a23684ed048b6bf20815efe,6a23684ed048b6bf20815a26,673e3f5bc4dd0fbddbf30570,6a23684ed048b6bf20815a8e,46
6a23684ed048b6bf20815eff,6a23684ed048b6bf20815a4a,673e3f5bc4dd0fbddbf3057a,6a23684ed048b6bf20815a8e,155
6a23684ed048b6bf20815f00,6a23684ed048b6bf20815a28,673e3f5bc4dd0fbddbf30560,6a23684ed048b6bf20815a8e,18
6a23684ed048b6bf20815f01,6a23684ed048b6bf20815a3d,673e3f5bc4dd0fbddbf30570,6a23684ed048b6bf20815a8e,124
6a23684ed048b6bf20815f02,6a23684ed048b6bf20815a30,673e3f5bc4dd0fbddbf30582,6a23684ed048b6bf20815a8e,115
6a23684ed048b6bf20815f03,6a23684ed048b6bf20815a2e,673e3f5bc4dd0fbddbf30564,6a23684ed048b6bf20815a8e,70
6a23684ed048b6bf20815f04,6a23684ed048b6bf20815a4a,673e3f5bc4dd0fbddbf30581,6a23684ed048b6bf20815a8f,44
6a23684ed048b6bf20815f05,6a23684ed048b6bf20815a29,673e3f5bc4dd0fbddbf30569,6a23684ed048b6bf20815a8f,4
6a23684ed048b6bf20815f06,6a23684ed048b6bf20815a4b,673e3f5bc4dd0fbddbf3057a,6a23684ed048b6bf20815a8f,11
6a23684ed048b6bf20815f07,673e4089ebd8e8b395d9b121,673e3f5bc4dd0fbddbf30583,6a23684ed048b6bf20815a8f,67
6a23684ed048b6bf20815f08,6a23684ed048b6bf20815a3d,673e3f5bc4dd0fbddbf30556,6a23684ed048b6bf20815a8f,196
6a23684ed048b6bf20815f09,673e3f5bc4dd0fbddbf3058c,673e3f5bc4dd0fbddbf30568,6a23684ed048b6bf20815a90,112
6a23684ed048b6bf20815f0a,6a23684ed048b6bf20815a22,673e3f5bc4dd0fbddbf30563,6a23684ed048b6bf20815a90,102
6a23684ed048b6bf20815f0b,6a23684ed048b6bf20815a2a,673e3f5bc4dd0fbddbf30586,6a23684ed048b6bf20815a90,64
6a23684ed048b6bf20815f0c,6a23684ed048b6bf20815a29,673e3f5bc4dd0fbddbf3055c,6a23684ed048b6bf20815a90,168
6a23684ed048b6bf20815f0d,6a23684ed048b6bf20815a49,673e3f5bc4dd0fbddbf30556,6a23684ed048b6bf20815a90,10
6a23684ed048b6bf20815f0e,673e3f5bc4dd0fbddbf3058c,673e3f5bc4dd0fbddbf3055b,6a23684ed048b6bf20815a90,41
6a23684ed048b6bf20815f0f,69c7072ba75520b26cb936f7,673e3f5bc4dd0fbddbf30566,6a23684ed048b6bf20815a91,200
6a23684ed048b6bf20815f10,6a23684ed048b6bf20815a47,673e3f5bc4dd0fbddbf30567,6a23684ed048b6bf20815a91,99
6a23684ed048b6bf20815f11,69f15c8faae2dfb2ec2a3411,673e3f5bc4dd0fbddbf30573,6a23684ed048b6bf20815a91,14
6a23684ed048b6bf20815f12,6a23684ed048b6bf20815a53,673e3f5bc4dd0fbddbf30580,6a23684ed048b6bf20815a91,176
6a23684ed048b6bf20815f13,6a23684ed048b6bf20815a4e,673e3f5bc4dd0fbddbf3057f,6a23684ed048b6bf20815a91,134
6a23684ed048b6bf20815f14,6a23684ed048b6bf20815a34,673e3f5bc4dd0fbddbf30577,6a23684ed048b6bf20815a91,1
6a23684ed048b6bf20815f15,6a23684ed048b6bf20815a25,673e3f5bc4dd0fbddbf3055f,6a23684ed048b6bf20815a91,9
6a23684ed048b6bf20815f16,673e3f5bc4dd0fbddbf3058c,673e3f5bc4dd0fbddbf3055c,6a23684ed048b6bf20815a92,179
6a23684ed048b6bf20815f17,6a23684ed048b6bf20815a2f,673e3f5bc4dd0fbddbf30561,6a23684ed048b6bf20815a92,158
6a23684ed048b6bf20815f18,6a23684ed048b6bf20815a2c,673e3f5bc4dd0fbddbf3057c,6a23684ed048b6bf20815a92,187
6a23684ed048b6bf20815f19,6a23684ed048b6bf20815a3d,673e3f5bc4dd0fbddbf30562,6a23684ed048b6bf20815a92,152
6a23684ed048b6bf20815f1a,6a23684ed048b6bf20815a2e,673e3f5bc4dd0fbddbf3057c,6a23684ed048b6bf20815a92,11
6a23684ed048b6bf20815f1b,673e3f5bc4dd0fbddbf3058a,673e3f5bc4dd0fbddbf3055b,6a23684ed048b6bf20815a93,4
6a23684ed048b6bf20815f1c,6a23684ed048b6bf20815a4d,673e3f5bc4dd0fbddbf3056d,6a23684ed048b6bf20815a93,177
6a23684ed048b6bf20815f1d,6a23684ed048b6bf20815a26,673e3f5bc4dd0fbddbf3057d,6a23684ed048b6bf20815a93,79
6a23684ed048b6bf20815f1e,6a23684ed048b6bf20815a38,673e3f5bc4dd0fbddbf30587,6a23684ed048b6bf20815a93,198
6a23684ed048b6bf20815f1f,69c5efe49f86baf046e1b625,673e3f5bc4dd0fbddbf30565,6a23684ed048b6bf20815a93,183
6a23684ed048b6bf20815f20,6a23684ed048b6bf20815a40,673e3f5bc4dd0fbddbf3055b,6a23684ed048b6bf20815a93,132
6a23684ed048b6bf20815f21,6a23684ed048b6bf20815a36,673e3f5bc4dd0fbddbf30560,6a23684ed048b6bf20815a93,31
6a23684ed048b6bf20815f22,6a23684ed048b6bf20815a43,673e3f5bc4dd0fbddbf3056c,6a23684ed048b6bf20815a94,191
6a23684ed048b6bf20815f23,69f15962aae2dfb2ec2a3410,673e3f5bc4dd0fbddbf3057c,6a23684ed048b6bf20815a94,168
6a23684ed048b6bf20815f24,6a23684ed048b6bf20815a53,673e3f5bc4dd0fbddbf30560,6a23684ed048b6bf20815a94,94
6a23684ed048b6bf20815f25,6a23684ed048b6bf20815a4a,673e3f5bc4dd0fbddbf3055e,6a23684ed048b6bf20815a94,47
6a23684ed048b6bf20815f26,6a23684ed048b6bf20815a39,673e3f5bc4dd0fbddbf30576,6a23684ed048b6bf20815a94,29
6a23684ed048b6bf20815f27,6a23684ed048b6bf20815a2f,673e3f5bc4dd0fbddbf30577,6a23684ed048b6bf20815a94,189
6a23684ed048b6bf20815f28,6a23684ed048b6bf20815a22,673e3f5bc4dd0fbddbf30563,6a23684ed048b6bf20815a94,149
6a23684ed048b6bf20815f29,6a23684ed048b6bf20815a41,673e3f5bc4dd0fbddbf30560,6a23684ed048b6bf20815a94,95
6a23684ed048b6bf20815f2a,673e3f5bc4dd0fbddbf3058c,673e3f5bc4dd0fbddbf3057a,6a23684ed048b6bf20815a95,135
6a23684ed048b6bf20815f2b,6a23684ed048b6bf20815a48,673e3f5bc4dd0fbddbf30561,6a23684ed048b6bf20815a95,99
6a23684ed048b6bf20815f2c,6a23684ed048b6bf20815a53,673e3f5bc4dd0fbddbf3056e,6a23684ed048b6bf20815a95,161
6a23684ed048b6bf20815f2d,673e3f5bc4dd0fbddbf3058c,673e3f5bc4dd0fbddbf30584,6a23684ed048b6bf20815a95,24
6a23684ed048b6bf20815f2e,6a23684ed048b6bf20815a32,673e3f5bc4dd0fbddbf30569,6a23684ed048b6bf20815a95,68
6a23684ed048b6bf20815f2f,6a23684ed048b6bf20815a50,673e3f5bc4dd0fbddbf30575,6a23684ed048b6bf20815a95,124
6a23684ed048b6bf20815f30,6a23684ed048b6bf20815a38,673e3f5bc4dd0fbddbf30557,6a23684ed048b6bf20815a95,170
6a23684ed048b6bf20815f31,6a23684ed048b6bf20815a4e,673e3f5bc4dd0fbddbf30565,6a23684ed048b6bf20815a96,57
6a23684ed048b6bf20815f32,69c5efe49f86baf046e1b625,673e3f5bc4dd0fbddbf30571,6a23684ed048b6bf20815a96,33
6a23684ed048b6bf20815f33,6a23684ed048b6bf20815a3f,673e3f5bc4dd0fbddbf30562,6a23684ed048b6bf20815a96,198
6a23684ed048b6bf20815f34,69c5efe49f86baf046e1b625,673e3f5bc4dd0fbddbf3057c,6a23684ed048b6bf20815a96,118
6a23684ed048b6bf20815f35,6a23684ed048b6bf20815a46,673e3f5bc4dd0fbddbf3055a,6a23684ed048b6bf20815a96,116
6a23684ed048b6bf20815f36,6a23684ed048b6bf20815a22,673e3f5bc4dd0fbddbf30583,6a23684ed048b6bf20815a96,76
6a23684ed048b6bf20815f37,69f14030aae2dfb2ec2a340c,673e3f5bc4dd0fbddbf30584,6a23684ed048b6bf20815a96,135
6a23684ed048b6bf20815f38,6a23684ed048b6bf20815a42,673e3f5bc4dd0fbddbf30576,6a23684ed048b6bf20815a96,191
6a23684ed048b6bf20815f39,6a23684ed048b6bf20815a24,673e3f5bc4dd0fbddbf3057c,6a23684ed048b6bf20815a96,195
6a23684ed048b6bf20815f3a,6a23684ed048b6bf20815a25,673e3f5bc4dd0fbddbf30557,6a23684ed048b6bf20815a96,86
6a23684ed048b6bf20815f3b,6a23684ed048b6bf20815a39,673e3f5bc4dd0fbddbf3056a,6a23684ed048b6bf20815a97,29
6a23684ed048b6bf20815f3c,6a23684ed048b6bf20815a2e,673e3f5bc4dd0fbddbf30577,6a23684ed048b6bf20815a97,121
6a23684ed048b6bf20815f3d,6a23684ed048b6bf20815a44,673e3f5bc4dd0fbddbf30585,6a23684ed048b6bf20815a97,97
6a23684ed048b6bf20815f3e,6a23684ed048b6bf20815a50,673e3f5bc4dd0fbddbf30560,6a23684ed048b6bf20815a97,72
6a23684ed048b6bf20815f3f,6a23684ed048b6bf20815a2c,673e3f5bc4dd0fbddbf3055d,6a23684ed048b6bf20815a97,193
6a23684ed048b6bf20815f40,6a2364f24fa406e15e209691,673e3f5bc4dd0fbddbf3057d,6a23684ed048b6bf20815a97,111
6a23684ed048b6bf20815f41,6a23684ed048b6bf20815a51,673e3f5bc4dd0fbddbf30572,6a23684ed048b6bf20815a97,178
6a23684ed048b6bf20815f42,6a23684ed048b6bf20815a45,673e3f5bc4dd0fbddbf30567,6a23684ed048b6bf20815a97,148
6a23684ed048b6bf20815f43,6a23684ed048b6bf20815a3d,673e3f5bc4dd0fbddbf3057f,6a23684ed048b6bf20815a98,63
6a23684ed048b6bf20815f44,6a23684ed048b6bf20815a36,673e3f5bc4dd0fbddbf30558,6a23684ed048b6bf20815a98,113
6a23684ed048b6bf20815f45,69c728f34d93cfae68784f85,673e3f5bc4dd0fbddbf30566,6a23684ed048b6bf20815a98,75
6a23684ed048b6bf20815f46,6a23684ed048b6bf20815a44,673e3f5bc4dd0fbddbf30563,6a23684ed048b6bf20815a98,100
6a23684ed048b6bf20815f47,6a23684ed048b6bf20815a2f,673e3f5bc4dd0fbddbf30557,6a23684ed048b6bf20815a98,89
6a23684ed048b6bf20815f48,6a23684ed048b6bf20815a36,673e3f5bc4dd0fbddbf30559,6a23684ed048b6bf20815a98,132
6a23684ed048b6bf20815f49,69c728f34d93cfae68784f85,673e3f5bc4dd0fbddbf30578,6a23684ed048b6bf20815a98,176
6a23684ed048b6bf20815f4a,6a23684ed048b6bf20815a28,673e3f5bc4dd0fbddbf3056c,6a23684ed048b6bf20815a98,57
6a23684ed048b6bf20815f4b,6a23684ed048b6bf20815a51,673e3f5bc4dd0fbddbf30580,6a23684ed048b6bf20815a98,98
6a23684ed048b6bf20815f4c,673e4089ebd8e8b395d9b121,673e3f5bc4dd0fbddbf3057f,6a23684ed048b6bf20815a98,111
6a23684ed048b6bf20815f4d,69c7072ba75520b26cb936f7,673e3f5bc4dd0fbddbf3057f,6a23684ed048b6bf20815a99,36
6a23684ed048b6bf20815f4e,6a23684ed048b6bf20815a44,673e3f5bc4dd0fbddbf30578,6a23684ed048b6bf20815a99,2
6a23684ed048b6bf20815f4f,6a23684ed048b6bf20815a24,673e3f5bc4dd0fbddbf30577,6a23684ed048b6bf20815a99,2
6a23684ed048b6bf20815f50,6a23684ed048b6bf20815a4b,673e3f5bc4dd0fbddbf3057c,6a23684ed048b6bf20815a99,74
6a23684ed048b6bf20815f51,6a23684ed048b6bf20815a23,673e3f5bc4dd0fbddbf30567,6a23684ed048b6bf20815a99,80
6a23684ed048b6bf20815f52,6a23684ed048b6bf20815a30,673e3f5bc4dd0fbddbf3055d,6a23684ed048b6bf20815a99,161
6a23684ed048b6bf20815f53,6a23684ed048b6bf20815a45,673e3f5bc4dd0fbddbf30557,6a23684ed048b6bf20815a99,85
6a23684ed048b6bf20815f54,6a23684ed048b6bf20815a39,673e3f5bc4dd0fbddbf30562,6a23684ed048b6bf20815a99,13
6a23684ed048b6bf20815f55,6a23684ed048b6bf20815a32,673e3f5bc4dd0fbddbf30557,6a23684ed048b6bf20815a99,138
6a23684ed048b6bf20815f56,6a23684ed048b6bf20815a53,673e3f5bc4dd0fbddbf3057c,6a23684ed048b6bf20815a99,91
6a23684ed048b6bf20815f57,6a23684ed048b6bf20815a4d,673e3f5bc4dd0fbddbf3056c,6a23684ed048b6bf20815a9a,145
6a23684ed048b6bf20815f58,6a23684ed048b6bf20815a37,673e3f5bc4dd0fbddbf30571,6a23684ed048b6bf20815a9a,22
6a23684ed048b6bf20815f59,6a23684ed048b6bf20815a3b,673e3f5bc4dd0fbddbf30580,6a23684ed048b6bf20815a9a,60
6a23684ed048b6bf20815f5a,6a23684ed048b6bf20815a27,673e3f5bc4dd0fbddbf3057e,6a23684ed048b6bf20815a9a,181
6a23684ed048b6bf20815f5b,6a23684ed048b6bf20815a43,673e3f5bc4dd0fbddbf30561,6a23684ed048b6bf20815a9a,179
6a23684ed048b6bf20815f5c,6a23684ed048b6bf20815a32,673e3f5bc4dd0fbddbf3055b,6a23684ed048b6bf20815a9a,147
6a23684ed048b6bf20815f5d,6a23684ed048b6bf20815a3a,673e3f5bc4dd0fbddbf30570,6a23684ed048b6bf20815a9b,111
6a23684ed048b6bf20815f5e,6a23684ed048b6bf20815a4c,673e3f5bc4dd0fbddbf30575,6a23684ed048b6bf20815a9b,114
6a23684ed048b6bf20815f5f,6a23684ed048b6bf20815a26,673e3f5bc4dd0fbddbf30560,6a23684ed048b6bf20815a9b,9
6a23684ed048b6bf20815f60,6a23684ed048b6bf20815a49,673e3f5bc4dd0fbddbf30585,6a23684ed048b6bf20815a9b,155
6a23684ed048b6bf20815f61,69c7072ba75520b26cb936f7,673e3f5bc4dd0fbddbf3056f,6a23684ed048b6bf20815a9b,92
6a23684ed048b6bf20815f62,6a23684ed048b6bf20815a31,673e3f5bc4dd0fbddbf3057f,6a23684ed048b6bf20815a9b,51
6a23684ed048b6bf20815f63,6a23684ed048b6bf20815a27,673e3f5bc4dd0fbddbf30578,6a23684ed048b6bf20815a9b,42
6a23684ed048b6bf20815f64,6a23684ed048b6bf20815a40,673e3f5bc4dd0fbddbf30573,6a23684ed048b6bf20815a9b,139
6a23684ed048b6bf20815f65,6a23684ed048b6bf20815a24,673e3f5bc4dd0fbddbf30584,6a23684ed048b6bf20815a9b,39
6a23684ed048b6bf20815f66,6a23684ed048b6bf20815a35,673e3f5bc4dd0fbddbf30570,6a23684ed048b6bf20815a9c,152
6a23684ed048b6bf20815f67,6a23684ed048b6bf20815a32,673e3f5bc4dd0fbddbf3057c,6a23684ed048b6bf20815a9c,36
6a23684ed048b6bf20815f68,673e3f5bc4dd0fbddbf3058b,673e3f5bc4dd0fbddbf30583,6a23684ed048b6bf20815a9c,92
6a23684ed048b6bf20815f69,6a23684ed048b6bf20815a51,673e3f5bc4dd0fbddbf30583,6a23684ed048b6bf20815a9c,126
6a23684ed048b6bf20815f6a,6a23684ed048b6bf20815a43,673e3f5bc4dd0fbddbf30567,6a23684ed048b6bf20815a9c,192
6a23684ed048b6bf20815f6b,673e3f5bc4dd0fbddbf30588,673e3f5bc4dd0fbddbf30584,6a23684ed048b6bf20815a9c,108
6a23684ed048b6bf20815f6c,6a23684ed048b6bf20815a34,673e3f5bc4dd0fbddbf30571,6a23684ed048b6bf20815a9c,91
6a23684ed048b6bf20815f6d,6a23684ed048b6bf20815a35,673e3f5bc4dd0fbddbf3056d,6a23684ed048b6bf20815a9d,61
6a23684ed048b6bf20815f6e,6a23684ed048b6bf20815a3b,673e3f5bc4dd0fbddbf3056c,6a23684ed048b6bf20815a9d,194
6a23684ed048b6bf20815f6f,6a23684ed048b6bf20815a2a,673e3f5bc4dd0fbddbf30575,6a23684ed048b6bf20815a9d,26
6a23684ed048b6bf20815f70,6a23684ed048b6bf20815a42,673e3f5bc4dd0fbddbf30563,6a23684ed048b6bf20815a9d,77
6a23684ed048b6bf20815f71,6a23684ed048b6bf20815a3a,673e3f5bc4dd0fbddbf3055d,6a23684ed048b6bf20815a9d,55
6a23684ed048b6bf20815f72,6a23684ed048b6bf20815a3f,673e3f5bc4dd0fbddbf30583,6a23684ed048b6bf20815a9e,94
6a23684ed048b6bf20815f73,6a23684ed048b6bf20815a2b,673e3f5bc4dd0fbddbf30579,6a23684ed048b6bf20815a9e,181
6a23684ed048b6bf20815f74,6a23684ed048b6bf20815a39,673e3f5bc4dd0fbddbf3055f,6a23684ed048b6bf20815a9e,76
6a23684ed048b6bf20815f75,6a23684ed048b6bf20815a43,673e3f5bc4dd0fbddbf30566,6a23684ed048b6bf20815a9e,126
6a23684ed048b6bf20815f76,6a23684ed048b6bf20815a4f,673e3f5bc4dd0fbddbf3056b,6a23684ed048b6bf20815a9e,122
6a23684ed048b6bf20815f77,6a23684ed048b6bf20815a41,673e3f5bc4dd0fbddbf30560,6a23684ed048b6bf20815a9f,13
6a23684ed048b6bf20815f78,6a23684ed048b6bf20815a4d,673e3f5bc4dd0fbddbf30586,6a23684ed048b6bf20815a9f,194
6a23684ed048b6bf20815f79,6a23684ed048b6bf20815a41,673e3f5bc4dd0fbddbf30566,6a23684ed048b6bf20815a9f,153
6a23684ed048b6bf20815f7a,6a23684ed048b6bf20815a24,673e3f5bc4dd0fbddbf30561,6a23684ed048b6bf20815a9f,113
6a23684ed048b6bf20815f7b,6a23684ed048b6bf20815a4f,673e3f5bc4dd0fbddbf3057d,6a23684ed048b6bf20815a9f,61
6a23684ed048b6bf20815f7c,673e3f5bc4dd0fbddbf30589,673e3f5bc4dd0fbddbf30586,6a23684ed048b6bf20815a9f,13
6a23684ed048b6bf20815f7d,6a23684ed048b6bf20815a38,673e3f5bc4dd0fbddbf30578,6a23684ed048b6bf20815a9f,131
6a23684ed048b6bf20815f7e,6a23684ed048b6bf20815a31,673e3f5bc4dd0fbddbf30575,6a23684ed048b6bf20815aa0,133
6a23684ed048b6bf20815f7f,6a23684ed048b6bf20815a25,673e3f5bc4dd0fbddbf30577,6a23684ed048b6bf20815aa0,81
6a23684ed048b6bf20815f80,6a23684ed048b6bf20815a31,673e3f5bc4dd0fbddbf30578,6a23684ed048b6bf20815aa0,26
6a23684ed048b6bf20815f81,6a23684ed048b6bf20815a43,673e3f5bc4dd0fbddbf30575,6a23684ed048b6bf20815aa0,136
6a23684ed048b6bf20815f82,6a23684ed048b6bf20815a3b,673e3f5bc4dd0fbddbf30556,6a23684ed048b6bf20815aa0,11
6a23684ed048b6bf20815f83,6a23684ed048b6bf20815a23,673e3f5bc4dd0fbddbf30557,6a23684ed048b6bf20815aa0,15
6a23684ed048b6bf20815f84,6a23684ed048b6bf20815a4d,673e3f5bc4dd0fbddbf3055f,6a23684ed048b6bf20815aa0,64
6a23684ed048b6bf20815f85,69c5efe49f86baf046e1b625,673e3f5bc4dd0fbddbf3057f,6a23684ed048b6bf20815aa1,66
6a23684ed048b6bf20815f86,69f15c8faae2dfb2ec2a3411,673e3f5bc4dd0fbddbf30587,6a23684ed048b6bf20815aa1,56
6a23684ed048b6bf20815f87,69c5efe49f86baf046e1b625,673e3f5bc4dd0fbddbf3056d,6a23684ed048b6bf20815aa1,14
6a23684ed048b6bf20815f88,6a23684ed048b6bf20815a31,673e3f5bc4dd0fbddbf30565,6a23684ed048b6bf20815aa1,141
6a23684ed048b6bf20815f89,6a23684ed048b6bf20815a26,673e3f5bc4dd0fbddbf30569,6a23684ed048b6bf20815aa1,66
6a23684ed048b6bf20815f8a,6a23684ed048b6bf20815a4a,673e3f5bc4dd0fbddbf30585,6a23684ed048b6bf20815aa1,114
6a23684ed048b6bf20815f8b,6a23684ed048b6bf20815a4e,673e3f5bc4dd0fbddbf30567,6a23684ed048b6bf20815aa1,147
6a23684ed048b6bf20815f8c,6a23684ed048b6bf20815a33,673e3f5bc4dd0fbddbf30583,6a23684ed048b6bf20815aa2,54
6a23684ed048b6bf20815f8d,69f14030aae2dfb2ec2a340c,673e3f5bc4dd0fbddbf3055c,6a23684ed048b6bf20815aa2,174
6a23684ed048b6bf20815f8e,6a23684ed048b6bf20815a27,673e3f5bc4dd0fbddbf30563,6a23684ed048b6bf20815aa2,174
6a23684ed048b6bf20815f8f,6a23684ed048b6bf20815a43,673e3f5bc4dd0fbddbf30584,6a23684ed048b6bf20815aa2,50
6a23684ed048b6bf20815f90,673e4089ebd8e8b395d9b121,673e3f5bc4dd0fbddbf30574,6a23684ed048b6bf20815aa2,178
6a23684ed048b6bf20815f91,6a23684ed048b6bf20815a2f,673e3f5bc4dd0fbddbf30575,6a23684ed048b6bf20815aa3,100
6a23684ed048b6bf20815f92,6a23684ed048b6bf20815a24,673e3f5bc4dd0fbddbf30561,6a23684ed048b6bf20815aa3,108
6a23684ed048b6bf20815f93,6a23684ed048b6bf20815a34,673e3f5bc4dd0fbddbf3056f,6a23684ed048b6bf20815aa3,64
6a23684ed048b6bf20815f94,6a23684ed048b6bf20815a2d,673e3f5bc4dd0fbddbf30576,6a23684ed048b6bf20815aa3,2
6a23684ed048b6bf20815f95,673e3f5bc4dd0fbddbf30588,673e3f5bc4dd0fbddbf3057f,6a23684ed048b6bf20815aa3,138
6a23684ed048b6bf20815f96,6a23684ed048b6bf20815a31,673e3f5bc4dd0fbddbf30584,6a23684ed048b6bf20815aa3,197
6a23684ed048b6bf20815f97,6a23684ed048b6bf20815a40,673e3f5bc4dd0fbddbf30563,6a23684ed048b6bf20815aa3,129
6a23684ed048b6bf20815f98,69f14030aae2dfb2ec2a340c,673e3f5bc4dd0fbddbf3057b,6a23684ed048b6bf20815aa3,189
6a23684ed048b6bf20815f99,6a23684ed048b6bf20815a3d,673e3f5bc4dd0fbddbf3056c,6a23684ed048b6bf20815aa4,83
6a23684ed048b6bf20815f9a,6a2364f24fa406e15e209691,673e3f5bc4dd0fbddbf3057b,6a23684ed048b6bf20815aa4,198
6a23684ed048b6bf20815f9b,6a23684ed048b6bf20815a2d,673e3f5bc4dd0fbddbf3057e,6a23684ed048b6bf20815aa4,41
6a23684ed048b6bf20815f9c,6a23684ed048b6bf20815a2b,673e3f5bc4dd0fbddbf30585,6a23684ed048b6bf20815aa4,91
6a23684ed048b6bf20815f9d,6a23684ed048b6bf20815a27,673e3f5bc4dd0fbddbf3057a,6a23684ed048b6bf20815aa4,47
6a23684ed048b6bf20815f9e,673e3f5bc4dd0fbddbf3058b,673e3f5bc4dd0fbddbf3056f,6a23684ed048b6bf20815aa4,127
6a23684ed048b6bf20815f9f,6a23684ed048b6bf20815a50,673e3f5bc4dd0fbddbf3057d,6a23684ed048b6bf20815aa4,24
6a23684ed048b6bf20815fa0,6a23684ed048b6bf20815a53,673e3f5bc4dd0fbddbf3056a,6a23684ed048b6bf20815aa4,102
6a23684ed048b6bf20815fa1,6a23684ed048b6bf20815a32,673e3f5bc4dd0fbddbf30574,6a23684ed048b6bf20815aa4,185
6a23684ed048b6bf20815fa2,6a23684ed048b6bf20815a33,673e3f5bc4dd0fbddbf30568,6a23684ed048b6bf20815aa5,174
6a23684ed048b6bf20815fa3,69c7072ba75520b26cb936f7,673e3f5bc4dd0fbddbf3055f,6a23684ed048b6bf20815aa5,141
6a23684ed048b6bf20815fa4,6a23684ed048b6bf20815a25,673e3f5bc4dd0fbddbf3056f,6a23684ed048b6bf20815aa5,71
6a23684ed048b6bf20815fa5,69f15c8faae2dfb2ec2a3411,673e3f5bc4dd0fbddbf3057b,6a23684ed048b6bf20815aa5,174
6a23684ed048b6bf20815fa6,6a23684ed048b6bf20815a2c,673e3f5bc4dd0fbddbf3057a,6a23684ed048b6bf20815aa5,175
6a23684ed048b6bf20815fa7,6a23684ed048b6bf20815a53,673e3f5bc4dd0fbddbf3055b,6a23684ed048b6bf20815aa5,6
6a23684ed048b6bf20815fa8,6a23684ed048b6bf20815a32,673e3f5bc4dd0fbddbf30577,6a23684ed048b6bf20815aa5,24
6a23684ed048b6bf20815fa9,6a23684ed048b6bf20815a2e,673e3f5bc4dd0fbddbf30575,6a23684ed048b6bf20815aa6,123
6a23684ed048b6bf20815faa,69c7072ba75520b26cb936f7,673e3f5bc4dd0fbddbf30571,6a23684ed048b6bf20815aa6,66
6a23684ed048b6bf20815fab,6a23684ed048b6bf20815a4f,673e3f5bc4dd0fbddbf30575,6a23684ed048b6bf20815aa6,130
6a23684ed048b6bf20815fac,6a23684ed048b6bf20815a30,673e3f5bc4dd0fbddbf30581,6a23684ed048b6bf20815aa6,18
6a23684ed048b6bf20815fad,6a23684ed048b6bf20815a2f,673e3f5bc4dd0fbddbf30563,6a23684ed048b6bf20815aa6,23
6a23684ed048b6bf20815fae,6a23684ed048b6bf20815a4a,673e3f5bc4dd0fbddbf30560,6a23684ed048b6bf20815aa6,142
6a23684ed048b6bf20815faf,6a2364f24fa406e15e209691,673e3f5bc4dd0fbddbf30567,6a23684ed048b6bf20815aa7,74
6a23684ed048b6bf20815fb0,6a23684ed048b6bf20815a28,673e3f5bc4dd0fbddbf3055c,6a23684ed048b6bf20815aa7,16
6a23684ed048b6bf20815fb1,6a23684ed048b6bf20815a23,673e3f5bc4dd0fbddbf30560,6a23684ed048b6bf20815aa7,66
6a23684ed048b6bf20815fb2,6a23684ed048b6bf20815a28,673e3f5bc4dd0fbddbf3055f,6a23684ed048b6bf20815aa7,100
6a23684ed048b6bf20815fb3,6a23684ed048b6bf20815a38,673e3f5bc4dd0fbddbf30563,6a23684ed048b6bf20815aa7,15
6a23684ed048b6bf20815fb4,6a23684ed048b6bf20815a35,673e3f5bc4dd0fbddbf30578,6a23684ed048b6bf20815aa7,26
6a23684ed048b6bf20815fb5,6a23684ed048b6bf20815a35,673e3f5bc4dd0fbddbf3056d,6a23684ed048b6bf20815aa8,56
6a23684ed048b6bf20815fb6,6a23684ed048b6bf20815a3f,673e3f5bc4dd0fbddbf3056d,6a23684ed048b6bf20815aa8,184
6a23684ed048b6bf20815fb7,6a23684ed048b6bf20815a39,673e3f5bc4dd0fbddbf30577,6a23684ed048b6bf20815aa8,148
6a23684ed048b6bf20815fb8,6a23684ed048b6bf20815a36,673e3f5bc4dd0fbddbf3056c,6a23684ed048b6bf20815aa8,42
6a23684ed048b6bf20815fb9,6a2364f24fa406e15e209691,673e3f5bc4dd0fbddbf3055d,6a23684ed048b6bf20815aa8,152
6a23684ed048b6bf20815fba,69c728f34d93cfae68784f85,673e3f5bc4dd0fbddbf30584,6a23684ed048b6bf20815aa9,192
6a23684ed048b6bf20815fbb,6a23684ed048b6bf20815a47,673e3f5bc4dd0fbddbf3055e,6a23684ed048b6bf20815aa9,17
6a23684ed048b6bf20815fbc,6a23684ed048b6bf20815a30,673e3f5bc4dd0fbddbf30575,6a23684ed048b6bf20815aa9,34
6a23684ed048b6bf20815fbd,6a23684ed048b6bf20815a35,673e3f5bc4dd0fbddbf30565,6a23684ed048b6bf20815aa9,22
6a23684ed048b6bf20815fbe,6a23684ed048b6bf20815a26,673e3f5bc4dd0fbddbf30558,6a23684ed048b6bf20815aa9,46
6a23684ed048b6bf20815fbf,69c5efe49f86baf046e1b625,673e3f5bc4dd0fbddbf3055b,6a23684ed048b6bf20815aa9,176
6a23684ed048b6bf20815fc0,6a23684ed048b6bf20815a40,673e3f5bc4dd0fbddbf30559,6a23684ed048b6bf20815aa9,87
6a23684ed048b6bf20815fc1,6a23684ed048b6bf20815a41,673e3f5bc4dd0fbddbf30566,6a23684ed048b6bf20815aaa,156
6a23684ed048b6bf20815fc2,6a23684ed048b6bf20815a4a,673e3f5bc4dd0fbddbf30582,6a23684ed048b6bf20815aaa,39
6a23684ed048b6bf20815fc3,69c7072ba75520b26cb936f7,673e3f5bc4dd0fbddbf3056b,6a23684ed048b6bf20815aaa,68
6a23684ed048b6bf20815fc4,6a23684ed048b6bf20815a49,673e3f5bc4dd0fbddbf3056b,6a23684ed048b6bf20815aaa,128
6a23684ed048b6bf20815fc5,6a23684ed048b6bf20815a50,673e3f5bc4dd0fbddbf30561,6a23684ed048b6bf20815aaa,23
6a23684ed048b6bf20815fc6,6a23684ed048b6bf20815a2d,673e3f5bc4dd0fbddbf30566,6a23684ed048b6bf20815aab,160
6a23684ed048b6bf20815fc7,6a23684ed048b6bf20815a4b,673e3f5bc4dd0fbddbf30584,6a23684ed048b6bf20815aab,152
6a23684ed048b6bf20815fc8,6a23684ed048b6bf20815a2f,673e3f5bc4dd0fbddbf30580,6a23684ed048b6bf20815aab,121
6a23684ed048b6bf20815fc9,6a23684ed048b6bf20815a40,673e3f5bc4dd0fbddbf3055e,6a23684ed048b6bf20815aab,191
6a23684ed048b6bf20815fca,673e3f5bc4dd0fbddbf3058c,673e3f5bc4dd0fbddbf30585,6a23684ed048b6bf20815aab,155
6a23684ed048b6bf20815fcb,6a23684ed048b6bf20815a44,673e3f5bc4dd0fbddbf30580,6a23684ed048b6bf20815aac,14
6a23684ed048b6bf20815fcc,6a23684ed048b6bf20815a24,673e3f5bc4dd0fbddbf30583,6a23684ed048b6bf20815aac,135
6a23684ed048b6bf20815fcd,6a23684ed048b6bf20815a51,673e3f5bc4dd0fbddbf3056f,6a23684ed048b6bf20815aac,69
6a23684ed048b6bf20815fce,6a23684ed048b6bf20815a50,673e3f5bc4dd0fbddbf3057e,6a23684ed048b6bf20815aac,84
6a23684ed048b6bf20815fcf,6a23684ed048b6bf20815a45,673e3f5bc4dd0fbddbf3056a,6a23684ed048b6bf20815aac,8
6a23684ed048b6bf20815fd0,6a23684ed048b6bf20815a28,673e3f5bc4dd0fbddbf3055b,6a23684ed048b6bf20815aac,133
6a23684ed048b6bf20815fd1,69f14030aae2dfb2ec2a340c,673e3f5bc4dd0fbddbf3056a,6a23684ed048b6bf20815aac,62
6a23684ed048b6bf20815fd2,6a23684ed048b6bf20815a51,673e3f5bc4dd0fbddbf3057d,6a23684ed048b6bf20815aac,49
6a23684ed048b6bf20815fd3,6a23684ed048b6bf20815a25,673e3f5bc4dd0fbddbf30566,6a23684ed048b6bf20815aac,76
6a23684ed048b6bf20815fd4,6a23684ed048b6bf20815a24,673e3f5bc4dd0fbddbf3056f,6a23684ed048b6bf20815aac,161
6a23684ed048b6bf20815fd5,6a23684ed048b6bf20815a46,673e3f5bc4dd0fbddbf3057f,6a23684ed048b6bf20815aad,58
6a23684ed048b6bf20815fd6,6a23684ed048b6bf20815a49,673e3f5bc4dd0fbddbf3055a,6a23684ed048b6bf20815aad,18
6a23684ed048b6bf20815fd7,6a23684ed048b6bf20815a48,673e3f5bc4dd0fbddbf3055e,6a23684ed048b6bf20815aad,12
6a23684ed048b6bf20815fd8,673e3f5bc4dd0fbddbf30589,673e3f5bc4dd0fbddbf30582,6a23684ed048b6bf20815aad,29
6a23684ed048b6bf20815fd9,6a23684ed048b6bf20815a51,673e3f5bc4dd0fbddbf30560,6a23684ed048b6bf20815aad,54
6a23684ed048b6bf20815fda,6a23684ed048b6bf20815a4b,673e3f5bc4dd0fbddbf30568,6a23684ed048b6bf20815aad,105
6a23684ed048b6bf20815fdb,6a23684ed048b6bf20815a45,673e3f5bc4dd0fbddbf3055e,6a23684ed048b6bf20815aad,161
6a23684ed048b6bf20815fdc,6a23684ed048b6bf20815a4c,673e3f5bc4dd0fbddbf30569,6a23684ed048b6bf20815aad,167
6a23684ed048b6bf20815fdd,673e4089ebd8e8b395d9b121,673e3f5bc4dd0fbddbf3055d,6a23684ed048b6bf20815aad,65
6a23684ed048b6bf20815fde,6a23684ed048b6bf20815a47,673e3f5bc4dd0fbddbf3057c,6a23684ed048b6bf20815aae,190
6a23684ed048b6bf20815fdf,6a23684ed048b6bf20815a35,673e3f5bc4dd0fbddbf3057b,6a23684ed048b6bf20815aae,45
6a23684ed048b6bf20815fe0,6a23684ed048b6bf20815a2b,673e3f5bc4dd0fbddbf3057d,6a23684ed048b6bf20815aae,194
6a23684ed048b6bf20815fe1,6a23684ed048b6bf20815a22,673e3f5bc4dd0fbddbf30564,6a23684ed048b6bf20815aae,181
6a23684ed048b6bf20815fe2,6a23684ed048b6bf20815a4e,673e3f5bc4dd0fbddbf30560,6a23684ed048b6bf20815aae,102
6a23684ed048b6bf20815fe3,6a23684ed048b6bf20815a44,673e3f5bc4dd0fbddbf30567,6a23684ed048b6bf20815aaf,21
6a23684ed048b6bf20815fe4,6a23684ed048b6bf20815a2a,673e3f5bc4dd0fbddbf3056d,6a23684ed048b6bf20815aaf,55
6a23684ed048b6bf20815fe5,6a23684ed048b6bf20815a4e,673e3f5bc4dd0fbddbf30571,6a23684ed048b6bf20815aaf,180
6a23684ed048b6bf20815fe6,673e3f5bc4dd0fbddbf3058a,673e3f5bc4dd0fbddbf3057f,6a23684ed048b6bf20815aaf,111
6a23684ed048b6bf20815fe7,69f14030aae2dfb2ec2a340c,673e3f5bc4dd0fbddbf30569,6a23684ed048b6bf20815aaf,72
6a23684ed048b6bf20815fe8,6a23684ed048b6bf20815a2c,673e3f5bc4dd0fbddbf3057e,6a23684ed048b6bf20815aaf,19
6a23684ed048b6bf20815fe9,673e3f5bc4dd0fbddbf30588,673e3f5bc4dd0fbddbf30557,6a23684ed048b6bf20815ab0,186
6a23684ed048b6bf20815fea,6a23684ed048b6bf20815a2c,673e3f5bc4dd0fbddbf30573,6a23684ed048b6bf20815ab0,23
6a23684ed048b6bf20815feb,6a23684ed048b6bf20815a22,673e3f5bc4dd0fbddbf30567,6a23684ed048b6bf20815ab0,3
6a23684ed048b6bf20815fec,6a23684ed048b6bf20815a36,673e3f5bc4dd0fbddbf3055e,6a23684ed048b6bf20815ab0,183
6a23684ed048b6bf20815fed,6a23684ed048b6bf20815a53,673e3f5bc4dd0fbddbf30586,6a23684ed048b6bf20815ab0,18
6a23684ed048b6bf20815fee,673e3f5bc4dd0fbddbf30588,673e3f5bc4dd0fbddbf30566,6a23684ed048b6bf20815ab0,64
6a23684ed048b6bf20815fef,6a23684ed048b6bf20815a3d,673e3f5bc4dd0fbddbf3057e,6a23684ed048b6bf20815ab0,117
6a23684ed048b6bf20815ff0,6a23684ed048b6bf20815a4d,673e3f5bc4dd0fbddbf3055a,6a23684ed048b6bf20815ab0,71
6a23684ed048b6bf20815ff1,6a23684ed048b6bf20815a29,673e3f5bc4dd0fbddbf30583,6a23684ed048b6bf20815ab0,140
6a23684ed048b6bf20815ff2,6a23684ed048b6bf20815a2d,673e3f5bc4dd0fbddbf30579,6a23684ed048b6bf20815ab0,25
6a23684ed048b6bf20815ff3,6a23684ed048b6bf20815a39,673e3f5bc4dd0fbddbf30575,6a23684ed048b6bf20815ab1,6
6a23684ed048b6bf20815ff4,6a23684ed048b6bf20815a2f,673e3f5bc4dd0fbddbf30565,6a23684ed048b6bf20815ab1,66
6a23684ed048b6bf20815ff5,6a23684ed048b6bf20815a26,673e3f5bc4dd0fbddbf30570,6a23684ed048b6bf20815ab1,19
6a23684ed048b6bf20815ff6,6a23684ed048b6bf20815a4e,673e3f5bc4dd0fbddbf3056d,6a23684ed048b6bf20815ab1,93
6a23684ed048b6bf20815ff7,673e4089ebd8e8b395d9b121,673e3f5bc4dd0fbddbf3055f,6a23684ed048b6bf20815ab1,90
6a23684ed048b6bf20815ff8,6a23684ed048b6bf20815a51,673e3f5bc4dd0fbddbf30568,6a23684ed048b6bf20815ab1,193
6a23684ed048b6bf20815ff9,6a23684ed048b6bf20815a46,673e3f5bc4dd0fbddbf30566,6a23684ed048b6bf20815ab1,138
6a23684ed048b6bf20815ffa,6a23684ed048b6bf20815a2c,673e3f5bc4dd0fbddbf30575,6a23684ed048b6bf20815ab1,180
6a23684ed048b6bf20815ffb,6a23684ed048b6bf20815a34,673e3f5bc4dd0fbddbf30584,6a23684ed048b6bf20815ab1,43
6a23684ed048b6bf20815ffc,6a23684ed048b6bf20815a35,673e3f5bc4dd0fbddbf3056c,6a23684ed048b6bf20815ab2,197
6a23684ed048b6bf20815ffd,6a23684ed048b6bf20815a3d,673e3f5bc4dd0fbddbf30581,6a23684ed048b6bf20815ab2,104
6a23684ed048b6bf20815ffe,673e3f5bc4dd0fbddbf3058c,673e3f5bc4dd0fbddbf30581,6a23684ed048b6bf20815ab2,48
6a23684ed048b6bf20815fff,6a23684ed048b6bf20815a26,673e3f5bc4dd0fbddbf30587,6a23684ed048b6bf20815ab2,82
6a23684ed048b6bf20816000,6a23684ed048b6bf20815a50,673e3f5bc4dd0fbddbf3055d,6a23684ed048b6bf20815ab2,12
6a23684ed048b6bf20816001,6a23684ed048b6bf20815a50,673e3f5bc4dd0fbddbf3056f,6a23684ed048b6bf20815ab2,38
6a23684ed048b6bf20816002,6a23684ed048b6bf20815a3a,673e3f5bc4dd0fbddbf30572,6a23684ed048b6bf20815ab2,33
6a23684ed048b6bf20816003,673e3f5bc4dd0fbddbf3058a,673e3f5bc4dd0fbddbf30580,6a23684ed048b6bf20815ab2,23
6a23684ed048b6bf20816004,69c728f34d93cfae68784f85,673e3f5bc4dd0fbddbf30584,6a23684ed048b6bf20815ab3,53
6a23684ed048b6bf20816005,6a23684ed048b6bf20815a49,673e3f5bc4dd0fbddbf3056e,6a23684ed048b6bf20815ab3,87
6a23684ed048b6bf20816006,6a23684ed048b6bf20815a3d,673e3f5bc4dd0fbddbf30559,6a23684ed048b6bf20815ab3,79
6a23684ed048b6bf20816007,6a23684ed048b6bf20815a2e,673e3f5bc4dd0fbddbf3055b,6a23684ed048b6bf20815ab3,129
6a23684ed048b6bf20816008,69f14030aae2dfb2ec2a340c,673e3f5bc4dd0fbddbf3055b,6a23684ed048b6bf20815ab3,165
6a23684ed048b6bf20816009,69f14030aae2dfb2ec2a340c,673e3f5bc4dd0fbddbf3057f,6a23684ed048b6bf20815ab3,10
6a23684ed048b6bf2081600a,6a23684ed048b6bf20815a25,673e3f5bc4dd0fbddbf30576,6a23684ed048b6bf20815ab3,151
6a23684ed048b6bf2081600b,6a23684ed048b6bf20815a4b,673e3f5bc4dd0fbddbf30583,6a23684ed048b6bf20815ab3,86
6a23684ed048b6bf2081600c,6a23684ed048b6bf20815a3f,673e3f5bc4dd0fbddbf30573,6a23684ed048b6bf20815ab3,141
6a23684ed048b6bf2081600d,673e4089ebd8e8b395d9b121,673e3f5bc4dd0fbddbf30568,6a23684ed048b6bf20815ab4,62
6a23684ed048b6bf2081600e,673e3f5bc4dd0fbddbf30589,673e3f5bc4dd0fbddbf30561,6a23684ed048b6bf20815ab4,95
6a23684ed048b6bf2081600f,673e3f5bc4dd0fbddbf30589,673e3f5bc4dd0fbddbf30576,6a23684ed048b6bf20815ab4,121
6a23684ed048b6bf20816010,673e3f5bc4dd0fbddbf3058a,673e3f5bc4dd0fbddbf30573,6a23684ed048b6bf20815ab4,121
6a23684ed048b6bf20816011,6a23684ed048b6bf20815a2a,673e3f5bc4dd0fbddbf3057d,6a23684ed048b6bf20815ab4,22
6a23684ed048b6bf20816012,6a23684ed048b6bf20815a4c,673e3f5bc4dd0fbddbf30574,6a23684ed048b6bf20815ab4,49
6a23684ed048b6bf20816013,673e3f5bc4dd0fbddbf3058c,673e3f5bc4dd0fbddbf30579,6a23684ed048b6bf20815ab4,92
6a23684ed048b6bf20816014,6a23684ed048b6bf20815a24,673e3f5bc4dd0fbddbf30585,6a23684ed048b6bf20815ab4,20
6a23684ed048b6bf20816015,6a23684ed048b6bf20815a42,673e3f5bc4dd0fbddbf30586,6a23684ed048b6bf20815ab5,1
6a23684ed048b6bf20816016,6a23684ed048b6bf20815a51,673e3f5bc4dd0fbddbf30569,6a23684ed048b6bf20815ab5,104
6a23684ed048b6bf20816017,6a23684ed048b6bf20815a27,673e3f5bc4dd0fbddbf30585,6a23684ed048b6bf20815ab5,195
6a23684ed048b6bf20816018,6a23684ed048b6bf20815a32,673e3f5bc4dd0fbddbf3056c,6a23684ed048b6bf20815ab5,97
6a23684ed048b6bf20816019,6a23684ed048b6bf20815a3c,673e3f5bc4dd0fbddbf30576,6a23684ed048b6bf20815ab5,57
6a23684ed048b6bf2081601a,6a23684ed048b6bf20815a2a,673e3f5bc4dd0fbddbf30570,6a23684ed048b6bf20815ab5,153
6a23684ed048b6bf2081601b,673e3f5bc4dd0fbddbf30589,673e3f5bc4dd0fbddbf3057d,6a23684ed048b6bf20815ab5,158
6a23684ed048b6bf2081601c,6a23684ed048b6bf20815a40,673e3f5bc4dd0fbddbf30567,6a23684ed048b6bf20815ab6,9
6a23684ed048b6bf2081601d,6a23684ed048b6bf20815a48,673e3f5bc4dd0fbddbf30570,6a23684ed048b6bf20815ab6,161
6a23684ed048b6bf2081601e,6a23684ed048b6bf20815a43,673e3f5bc4dd0fbddbf3055c,6a23684ed048b6bf20815ab6,190
6a23684ed048b6bf2081601f,6a23684ed048b6bf20815a44,673e3f5bc4dd0fbddbf3057a,6a23684ed048b6bf20815ab6,7
6a23684ed048b6bf20816020,6a23684ed048b6bf20815a41,673e3f5bc4dd0fbddbf30583,6a23684ed048b6bf20815ab6,125
6a23684ed048b6bf20816021,6a23684ed048b6bf20815a43,673e3f5bc4dd0fbddbf30581,6a23684ed048b6bf20815ab6,125
6a23684ed048b6bf20816022,6a23684ed048b6bf20815a3c,673e3f5bc4dd0fbddbf3057d,6a23684ed048b6bf20815ab6,124
6a23684ed048b6bf20816023,6a23684ed048b6bf20815a46,673e3f5bc4dd0fbddbf3055e,6a23684ed048b6bf20815ab6,194
6a23684ed048b6bf20816024,6a23684ed048b6bf20815a28,673e3f5bc4dd0fbddbf3056e,6a23684ed048b6bf20815ab6,189
6a23684ed048b6bf20816025,6a23684ed048b6bf20815a53,673e3f5bc4dd0fbddbf30576,6a23684ed048b6bf20815ab6,190
6a23684ed048b6bf20816026,6a23684ed048b6bf20815a31,673e3f5bc4dd0fbddbf30567,6a23684ed048b6bf20815ab7,175
6a23684ed048b6bf20816027,6a23684ed048b6bf20815a35,673e3f5bc4dd0fbddbf3055e,6a23684ed048b6bf20815ab7,98
6a23684ed048b6bf20816028,6a23684ed048b6bf20815a33,673e3f5bc4dd0fbddbf30557,6a23684ed048b6bf20815ab7,50
6a23684ed048b6bf20816029,6a23684ed048b6bf20815a30,673e3f5bc4dd0fbddbf30568,6a23684ed048b6bf20815ab7,59
6a23684ed048b6bf2081602a,6a23684ed048b6bf20815a32,673e3f5bc4dd0fbddbf30572,6a23684ed048b6bf20815ab7,128
6a23684ed048b6bf2081602b,6a23684ed048b6bf20815a22,673e3f5bc4dd0fbddbf3057a,6a23684ed048b6bf20815ab7,58
